gene_id,gene_symbol,PyDESeq2_log2FC,PyDESeq2_padj,edgeR_logFC,edgeR_FDR,classification,reason,PyDESeq2_absFC,edgeR_absFC,PyDESeq2_distance_from_FC_threshold,edgeR_distance_from_FC_threshold
ENSMUSG00000000028.16,Cdc45,-1.0210220984727103,0.03608679961677,-0.989592644948269,0.0317882804558593,PyDESeq2-only,Fails fold-change threshold,1.0210220984727103,0.989592644948269,0.021022098472710304,-0.01040735505173096
ENSMUSG00000001521.13,Tulp3,1.0071274628404447,0.0199193530496871,0.992294608284945,0.0289849011231672,PyDESeq2-only,Fails fold-change threshold,1.0071274628404447,0.992294608284945,0.007127462840444743,-0.007705391715055021
ENSMUSG00000021903.12,Galnt15,-1.005603104633234,0.0469448148579458,-0.982672524027633,0.0528773079654433,PyDESeq2-only,Fails both significance and FC thresholds,1.005603104633234,0.982672524027633,0.005603104633234102,-0.017327475972366946
ENSMUSG00000022034.11,Esco2,1.021431191667441,0.0416092433316618,1.00194012362244,0.0549770369093558,PyDESeq2-only,Fails significance threshold,1.021431191667441,1.00194012362244,0.021431191667441007,0.0019401236224398932
ENSMUSG00000024696.10,Lpxn,1.0734992300708972,0.0483953058183198,1.06587439589464,0.0566035250876704,PyDESeq2-only,Fails significance threshold,1.0734992300708972,1.06587439589464,0.0734992300708972,0.06587439589463995
ENSMUSG00000025188.16,Hps1,1.001444699356669,1.6756803585518908e-07,0.999488684304249,0.0001452854258806,PyDESeq2-only,Fails fold-change threshold,1.001444699356669,0.999488684304249,0.0014446993566690214,-0.0005113156957510245
ENSMUSG00000025586.18,Cpeb1,1.00275614293369,0.0001112963250776,0.993694657421565,0.0021979765857011,PyDESeq2-only,Fails fold-change threshold,1.00275614293369,0.993694657421565,0.0027561429336899756,-0.006305342578434958
ENSMUSG00000025887.11,Casp12,1.016540750818279,0.0017920470411725,0.99789383223067,0.0050917114451317,PyDESeq2-only,Fails fold-change threshold,1.016540750818279,0.99789383223067,0.016540750818279104,-0.0021061677693300362
ENSMUSG00000026390.8,Marco,1.1750357100461593,0.0297973191150771,1.15970315686682,0.0841307621591409,PyDESeq2-only,Fails significance threshold,1.1750357100461593,1.15970315686682,0.17503571004615925,0.1597031568668199
ENSMUSG00000029381.17,Shroom3,1.0078910899975333,1.376475788726755e-05,0.994048176849531,0.0012135999093565,PyDESeq2-only,Fails fold-change threshold,1.0078910899975333,0.994048176849531,0.007891089997533296,-0.005951823150469049
ENSMUSG00000031934.15,Panx1,1.4407436735541264,0.0447049337817015,1.36287849752243,0.0644093032689609,PyDESeq2-only,Fails significance threshold,1.4407436735541264,1.36287849752243,0.44074367355412636,0.36287849752242995
ENSMUSG00000043300.3,B3galnt1,1.0021416047354266,4.931827791676277e-06,0.997033376609437,0.0003341060663461,PyDESeq2-only,Fails fold-change threshold,1.0021416047354266,0.997033376609437,0.002141604735426572,-0.0029666233905629724
ENSMUSG00000043770.11,Gm12481,-1.0895218097925836,0.0441005225669166,-1.07506516264555,0.0536296544527846,PyDESeq2-only,Fails significance threshold,1.0895218097925836,1.07506516264555,0.08952180979258362,0.07506516264555008
ENSMUSG00000054400.17,Cklf,1.4333798336182302,0.0479826392758043,1.37411369327922,0.0604261182685011,PyDESeq2-only,Fails significance threshold,1.4333798336182302,1.37411369327922,0.4333798336182302,0.37411369327921995
ENSMUSG00000057836.13,Xlr3a,2.5276006915988587,0.0282311686056062,2.52593092220267,0.051875311272068,PyDESeq2-only,Fails significance threshold,2.5276006915988587,2.52593092220267,1.5276006915988587,1.52593092220267
ENSMUSG00000059751.8,Rps3a3,-1.0137771968232,0.0471541781273168,-0.978681422138053,0.0402313857303978,PyDESeq2-only,Fails fold-change threshold,1.0137771968232,0.978681422138053,0.01377719682320011,-0.02131857786194702
ENSMUSG00000087163.2,Gm16230,-1.0055903941780688,0.0437043499489602,-0.987767389438383,0.0339857700640404,PyDESeq2-only,Fails fold-change threshold,1.0055903941780688,0.987767389438383,0.005590394178068836,-0.012232610561616952
ENSMUSG00000101211.3,Gm28818,1.0370157119369228,0.0286698976772204,0.985617950219659,0.048438536340379,PyDESeq2-only,Fails fold-change threshold,1.0370157119369228,0.985617950219659,0.03701571193692277,-0.014382049780340966
ENSMUSG00000103906.2,Tigd5,-1.0097504049425226,0.0005908771571802,-0.993393544808697,0.0012788338209744,PyDESeq2-only,Fails fold-change threshold,1.0097504049425226,0.993393544808697,0.00975040494252255,-0.0066064551913029845
ENSMUSG00000107838.2,Gm45769,-1.0171647760830975,0.0012911777447775,-0.995072974508534,0.0069408880631581,PyDESeq2-only,Fails fold-change threshold,1.0171647760830975,0.995072974508534,0.01716477608309752,-0.004927025491465953
ENSMUSG00000108368.2,Gm45053,-1.0010260994183997,6.283555298226649e-07,-0.995445333567989,0.0004880128366199,PyDESeq2-only,Fails fold-change threshold,1.0010260994183997,0.995445333567989,0.0010260994183997063,-0.0045546664320109675
ENSMUSG00000113816.2,Gm47003,-1.00055488809684,4.3329256453832365e-14,-0.996056806887929,9.11633039931204e-06,PyDESeq2-only,Fails fold-change threshold,1.00055488809684,0.996056806887929,0.0005548880968400116,-0.003943193112071031
ENSMUSG00000117216.2,Gm49801,-1.1029635619654747,0.0328690347688627,-1.04618908644633,0.0556876246200796,PyDESeq2-only,Fails significance threshold,1.1029635619654747,1.04618908644633,0.10296356196547474,0.04618908644632991
ENSMUSG00000006342.16,Susd2,0.998291540773028,0.0150348346893681,1.05071012076875,0.0187309970050591,edgeR-only,Fails fold-change threshold,0.998291540773028,1.05071012076875,-0.0017084592269720478,0.05071012076874992
ENSMUSG00000027331.16,Knstrn,-0.996462582964149,0.038441721731231,-1.01662524856619,0.0400814931709818,edgeR-only,Fails fold-change threshold,0.996462582964149,1.01662524856619,-0.003537417035850976,0.016625248566189965
ENSMUSG00000027611.13,Procr,1.35398724487871,0.0597237743356247,1.35328101623958,0.0494582842428645,edgeR-only,Fails significance threshold,1.35398724487871,1.35328101623958,0.35398724487871003,0.3532810162395801
ENSMUSG00000027712.14,Anxa5,0.9972195443418924,8.873751232807214e-24,1.00157895906393,4.14175965605715e-07,edgeR-only,Fails fold-change threshold,0.9972195443418924,1.00157895906393,-0.0027804556581075834,0.0015789590639299078
ENSMUSG00000027954.10,Efna1,-1.1503005775365525,0.0645493306220647,-1.13719040388243,0.0353507094971431,edgeR-only,Fails significance threshold,1.1503005775365525,1.13719040388243,0.15030057753655246,0.1371904038824301
ENSMUSG00000032010.16,Usp2,-1.6312598645191143,0.0564206471143622,-1.61964534113704,0.0226168166538951,edgeR-only,Fails significance threshold,1.6312598645191143,1.61964534113704,0.6312598645191143,0.61964534113704
ENSMUSG00000032997.17,Chpf,1.008579477341878,0.0604580169978818,1.03998356873804,0.0499326250553074,edgeR-only,Fails significance threshold,1.008579477341878,1.03998356873804,0.008579477341877917,0.0399835687380401
ENSMUSG00000035314.11,Gdpd5,1.2868182171959552,0.0522382141872007,1.26388716534955,0.0489519849816815,edgeR-only,Fails significance threshold,1.2868182171959552,1.26388716534955,0.28681821719595524,0.26388716534955003
ENSMUSG00000038754.6,Elovl3,1.0429004296842337,0.0795625197202455,1.0520171441418,0.0444260424906442,edgeR-only,Fails significance threshold,1.0429004296842337,1.0520171441418,0.04290042968423369,0.05201714414180003
ENSMUSG00000039633.8,Lonrf1,-0.9926088670513,0.0017352310315801,-1.00070009650247,0.0107233074209443,edgeR-only,Fails fold-change threshold,0.9926088670513,1.00070009650247,-0.007391132948699974,0.0007000965024699379
ENSMUSG00000048489.13,Depp1,-1.1609342569694057,0.0744214698865662,-1.16531783745897,0.0425995325951338,edgeR-only,Fails significance threshold,1.1609342569694057,1.16531783745897,0.16093425696940566,0.1653178374589701
ENSMUSG00000063954.8,H2ac19,1.1517889917375297,0.0559023378880627,1.13617821073293,0.0343612764451036,edgeR-only,Fails significance threshold,1.1517889917375297,1.13617821073293,0.1517889917375297,0.1361782107329299
ENSMUSG00000066009.9,Zfp987,-1.4497099099638069,0.0617977642448203,-1.42150707227207,0.0478142347544848,edgeR-only,Fails significance threshold,1.4497099099638069,1.42150707227207,0.4497099099638069,0.42150707227206996
ENSMUSG00000066513.5,Klk1b4,0.9905290214640732,0.0068758359000804,1.00926942642477,0.012116958255358,edgeR-only,Fails fold-change threshold,0.9905290214640732,1.00926942642477,-0.009470978535926822,0.009269426424769911
ENSMUSG00000084523.3,Mir1903,-1.0124598148020214,0.0523221939002651,-1.01878284128385,0.041028934899661,edgeR-only,Fails significance threshold,1.0124598148020214,1.01878284128385,0.012459814802021407,0.018782841283849994
ENSMUSG00000106874.3,Gm20186,0.9923507768908346,0.0158172111021328,1.02276945300665,0.0077446313421358,edgeR-only,Fails fold-change threshold,0.9923507768908346,1.02276945300665,-0.007649223109165382,0.02276945300665001
ENSMUSG00000107194.3,Gm43173,1.245640158760812,0.0728373332911313,1.23631982738587,0.0476941109175847,edgeR-only,Fails significance threshold,1.245640158760812,1.23631982738587,0.2456401587608119,0.23631982738586998
ENSMUSG00000110697.3,Gm31718,1.0607170574658265,0.060434999386287,1.02357290827614,0.0474620242219071,edgeR-only,Fails significance threshold,1.0607170574658265,1.02357290827614,0.06071705746582645,0.023572908276140003
ENSMUSG00000112214.2,Cyp3a61-ps1,-1.1566958851385547,0.0927957397195046,-1.13677229006525,0.0453794605656915,edgeR-only,Fails significance threshold,1.1566958851385547,1.13677229006525,0.1566958851385547,0.13677229006524994
