,PC1,PC2,condition
saline1,-38.856153239021026,-21.15216248803861,control
saline2,-36.79684426805163,-11.235614071596418,control
saline3,-40.294673410759906,-6.223360122444107,control
saline4,-37.704824277968,13.261505330532573,control
saline5,-37.879126342106574,24.531289914822445,control
mRNA-eGFP1,38.10084614525172,1.6777129412377032,mRNA_LNP
mRNA-eGFP2,41.9495370732935,-6.9034657630670235,mRNA_LNP
mRNA-eGFP3,43.72063151965927,-3.647653108217495,mRNA_LNP
mRNA-eGFP4,33.89002674473176,2.0049173048183095,mRNA_LNP
mRNA-eGFP5,33.87058005497089,7.6868300619525805,mRNA_LNP
