,baseMean,log2FoldChange,lfcSE,stat,pvalue,padj
ENSMUSG00000048538.8,41.07591327980998,-1.050060517488516,0.23711250555156396,-4.428532839488566,9.487627450558948e-06,5.369625073194774e-05
ENSMUSG00000099032.3,233.96647340293967,-1.8632225563904985,0.1606989248556956,-11.594492981602926,4.394603711411075e-31,2.1869972676925738e-29
ENSMUSG00000100131.2,257.5581231613543,-1.6113841642725035,0.12699004244610054,-12.689059183175223,6.799767114934582e-37,4.3230942291954133e-35
ENSMUSG00000067736.3,62.535355909312955,-1.2290602466761202,0.2709588865184542,-4.535965815582922,5.734046805263837e-06,3.3901582750334987e-05
ENSMUSG00000101111.2,431.9802129516488,-1.2394051963370278,0.13250151586738565,-9.35389446847905,8.447852746087636e-21,2.4983485826134585e-19
ENSMUSG00000100862.2,718.9801330123048,-1.2663914683531152,0.1382440744132147,-9.160547920251844,5.1634473123645665e-20,1.4275645902690693e-18
ENSMUSG00000102070.2,431.42094452476186,-1.0101994259532674,0.12013589759098255,-8.408805745911316,4.1420645390506527e-17,9.084844289905627e-16
ENSMUSG00000042215.9,9.674063939770344,-1.359475636807381,0.5018950522055335,-2.708685074366215,0.0067550425142364895,0.019412340415265034
ENSMUSG00000037432.16,39.33341603048588,-1.1949642407822885,0.2170582208039764,-5.505270596783577,3.686016560734043e-08,3.10260365465555e-07
ENSMUSG00000100213.2,11.555439469757234,-1.1413034130995632,0.38921293475366764,-2.9323368038163804,0.0033642168256393583,0.010566349777503203
ENSMUSG00000043629.13,9.36891496430175,-1.5966815381371822,0.5420727696558297,-2.9455114285687873,0.0032242123640324858,0.010171251070502436
ENSMUSG00000073678.5,221.86359096698615,-1.824706238129825,0.135206884411604,-13.49566071336247,1.658615322682394e-41,1.208946279644056e-39
ENSMUSG00000103030.2,37.884822406893825,-1.6993329138618603,0.33030590022403866,-5.144724671007218,2.6791344643057705e-07,1.9737247875886105e-06
ENSMUSG00000025981.14,739.5861848341676,-1.5161639085017369,0.2845466512264692,-5.328349154582142,9.91094603240505e-08,7.85473767927895e-07
ENSMUSG00000101122.2,15.058674774742034,-1.0846094541710627,0.4169407317616464,-2.601351634771688,0.009285722074911717,0.02547263656816687
ENSMUSG00000064294.13,6327.892170152926,-1.5736174977483153,0.10543954623456377,-14.924357643266045,2.288285493960938e-50,2.2016357499229504e-48
ENSMUSG00000097573.4,19.106763734599774,-1.2525823158711076,0.4266327667062268,-2.9359730747863955,0.0033250318181206676,0.01045465342028703
ENSMUSG00000079550.10,53.48562322999432,-1.503686423636916,0.22413875804249775,-6.7087300597597235,1.9632545919746107e-11,2.4919692411062076e-10
ENSMUSG00000084416.4,22.49085700713341,-1.439349911774349,0.28003934234409,-5.139813212408528,2.7501171441250467e-07,2.01777786598946e-06
ENSMUSG00000026198.16,24.71549375401937,-1.1489625987852314,0.2905869618684325,-3.953937201440721,7.687559449912081e-05,0.0003651970308792994
ENSMUSG00000097564.3,14.877137093785771,-1.0162709551856675,0.38176347338424205,-2.6620434537035926,0.0077667851183024755,0.021862735094078666
ENSMUSG00000093805.8,12.373421238665319,-1.339663677870888,0.37292599932111836,-3.592304318576976,0.0003277667635363249,0.0013476723451157381
ENSMUSG00000004552.17,149.1453504631891,-1.0955438329434082,0.14311212768006953,-7.6551432132469,1.9309693042556023e-14,3.321543384864941e-13
ENSMUSG00000026365.16,12225.58395994124,-1.074883532221134,0.10839557480947877,-9.91630455496362,3.536064445189805e-23,1.206441656571614e-21
ENSMUSG00000066842.19,15.520609289054443,-1.2427087288243859,0.37227723955994885,-3.3381270643709846,0.0008434516920621426,0.0031212037999591904
ENSMUSG00000102864.2,11.993866557861342,-1.191389732502222,0.41122132669815015,-2.8971983094075786,0.0037651167330055003,0.011646512201238085
ENSMUSG00000026691.11,14.976119888391711,-2.124974562678842,0.5315285882323446,-3.9978556369765044,6.391891301397648e-05,0.00030986824071807474
ENSMUSG00000026574.6,14.766364713716607,-1.4327615824436473,0.3871581315435416,-3.7007141674422313,0.0002149935394375812,0.0009248246680069067
ENSMUSG00000040612.14,216.32964212472362,-1.0495784135943356,0.3206846578210794,-3.272929926631944,0.0010643886194416407,0.003844158297242682
ENSMUSG00000052534.16,167.14529766246773,-1.029709059931836,0.15286798417249223,-6.735936667876376,1.62877224785116e-11,2.083904351151413e-10
ENSMUSG00000059498.14,47.126592905291865,-1.0767227167699664,0.2687330095998855,-4.006663410546738,6.158252415737578e-05,0.0002994470985981291
ENSMUSG00000038370.7,166.3063731561597,-1.2213281171341301,0.22959232673983984,-5.31955111251634,1.040235871728165e-07,8.199172092179615e-07
ENSMUSG00000005677.15,3639.7861000679795,-1.7571296259418505,0.11809210434920286,-14.879315053493762,4.49073389232013e-50,4.235965459736217e-48
ENSMUSG00000005674.10,3058.873336664905,-1.7878169638790105,0.12388577099488354,-14.4311727611789,3.2943152989783427e-47,2.9167827236107633e-45
ENSMUSG00000079164.11,170.24019808733246,-1.0449865955704871,0.1669864465936097,-6.257912644333597,3.9016424850234533e-10,4.186505899171634e-09
ENSMUSG00000026622.16,37.75633257286831,-2.2543740302848883,0.2698034360154716,-8.355616457588825,6.509188115851193e-17,1.4041943630487954e-15
ENSMUSG00000016262.15,11.30500209279838,-1.393923270717322,0.47148766372157086,-2.956436356605249,0.0031121645203167863,0.009858375407640882
ENSMUSG00000009633.4,222.6996028657997,-1.1620523211843305,0.40701330836517813,-2.855072051210966,0.004302706636292664,0.013095036308514494
ENSMUSG00000026648.19,130.04345342808273,-1.1077579476035058,0.128132540127896,-8.645406908329397,5.3613893675004976e-18,1.2874471106783226e-16
ENSMUSG00000026770.6,10.224466004097991,-1.960369533548006,0.5766913992603421,-3.399338946379908,0.0006754894892886918,0.002558704543153386
ENSMUSG00000104101.2,8.944337307916452,-1.6806350194458892,0.5125469372707755,-3.278987537014624,0.0010418023676014654,0.003772025029910775
ENSMUSG00000082884.2,47.9251952880305,-1.2249636062205695,0.25170498032437694,-4.866664158340991,1.134976543275543e-06,7.5658113037194635e-06
ENSMUSG00000015090.14,12.663726676244504,-1.1486793221190204,0.37999637409833603,-3.0228691651193578,0.0025039047217509294,0.008136985576291243
ENSMUSG00000052403.12,93.56085803729124,-1.3903858844404346,0.2186667983844972,-6.358468202363403,2.03775555254276e-10,2.2921970486591674e-09
ENSMUSG00000026938.11,206.9816598039891,-1.2911583649339222,0.20649981169701004,-6.252588582639455,4.0370462245432415e-10,4.315751934267264e-09
ENSMUSG00000039157.13,366.5354914683084,-1.0294774219878522,0.17466454889300062,-5.894026169091183,3.768974415029885e-09,3.578542023533638e-08
ENSMUSG00000085315.9,28.64761090796115,-1.3148965634955536,0.2771352003980425,-4.7446032175162145,2.0891543212214975e-06,1.330568189049808e-05
ENSMUSG00000017412.17,31.168077613697687,-1.1134718255723939,0.251213274386824,-4.432376546542857,9.32000677227532e-06,5.291358683614376e-05
ENSMUSG00000005233.17,74.19799109868208,-1.628201916226861,0.22571557274827503,-7.21351166161088,5.452705183502992e-13,8.146318965664096e-12
ENSMUSG00000121134.1,6.68757858303435,-1.3486286634851639,0.5390558347939343,-2.5018348312669807,0.012355155041794547,0.03243762007698361
ENSMUSG00000027253.16,374.540710614712,-1.55473123777403,0.13638086469865973,-11.399922131372943,4.184932293262288e-30,1.9932984441043345e-28
ENSMUSG00000005089.16,869.4758391313022,-2.173445850209987,0.10290335444266725,-21.121234210308714,5.075157117952854e-99,1.0932039929297847e-96
ENSMUSG00000087185.2,67.9326148235101,-2.0022274095736905,0.21450234812081917,-9.334291335803602,1.0166908611967243e-20,2.9822931928437247e-19
ENSMUSG00000027186.17,11.192146796759575,-1.6892477448310474,0.39945394110454785,-4.228892422891193,2.3484460001667465e-05,0.00012428592839899702
ENSMUSG00000074971.5,8.400517856442836,-1.4646553654836396,0.4452081521723448,-3.28982153255059,0.0010025094557342491,0.0036471430464221537
ENSMUSG00000121215.1,7.264034507805218,-1.3520368015541069,0.5513241844259809,-2.452344445875886,0.01419287297194094,0.036433927913740956
ENSMUSG00002075416.1,9.07090718782415,-3.104208213869715,0.587610665115981,-5.282763568045544,1.272495708518767e-07,9.868166612220766e-07
ENSMUSG00000040093.17,120.06859563099928,-1.5134887130083075,0.5051097254238632,-2.9963563099844532,0.002732269717763733,0.008795921607576666
ENSMUSG00000046814.4,258.0484927413021,-1.4472876695402674,0.13226079509541308,-10.942680848819883,7.203771144539776e-28,3.1034276166566583e-26
ENSMUSG00000027359.17,10845.676575398107,-1.3446604869650625,0.09763916508012269,-13.77173274537563,3.77059676899273e-43,2.9256587403281223e-41
ENSMUSG00000074807.4,52.13111756180011,-1.2273505596805803,0.2643224667036433,-4.643383420966172,3.4274942500917005e-06,2.1121091809275585e-05
ENSMUSG00000103009.3,14.144158732702547,-1.079420440959828,0.36322733821220193,-2.9717488949832767,0.0029610875510160794,0.009454516711562845
ENSMUSG00000027346.16,1974.3705993144645,-1.263811697600712,0.18288953895345228,-6.910245959569992,4.838141155312621e-12,6.550098794884779e-11
ENSMUSG00000084839.2,74.21835854784115,-2.3453791671518647,0.27155015292223134,-8.637001827885374,5.770746122005749e-18,1.3811510453198503e-16
ENSMUSG00000051817.10,39.05931292485788,-2.278574609651491,0.3956645174896343,-5.758855062638225,8.468637643013349e-09,7.701284087206594e-08
ENSMUSG00000027597.16,3529.8235790366916,-1.1730781403665012,0.11971189398039754,-9.799177854111882,1.1350571145393136e-22,3.7314679446540716e-21
ENSMUSG00000027602.10,221.04284233091113,-1.1163499289690806,0.11939360753547322,-9.350164987999046,8.751110959093709e-21,2.5827409685407034e-19
ENSMUSG00000074577.10,20.523640624775005,-1.0842576025195128,0.2805129647544412,-3.86526734501795,0.00011096758286739515,0.0005105612948375448
ENSMUSG00000087442.2,11.352659799190594,-1.7145250118436595,0.5611050129416899,-3.0556223385974866,0.0022459395583918074,0.007405391753874929
ENSMUSG00000120918.1,54.15095472297319,-1.309335114893115,0.38570018137541806,-3.3946966533020233,0.0006870467846000229,0.002596349619101213
ENSMUSG00000027513.12,21469.435864010702,-1.3611897263500703,0.11607231187359832,-11.727083784050011,9.259405132633809e-32,4.8068969379198244e-30
ENSMUSG00000027533.11,280.7062058439345,-1.0715526325316864,0.3535845555455486,-3.030541395899996,0.002441157209459534,0.00796355805762206
ENSMUSG00000027559.6,52933.65614574036,-1.0064423641296,0.09180858639074713,-10.96239909245606,5.794263105155058e-28,2.518759190771018e-26
ENSMUSG00000039519.7,5799.332228362613,-1.0270915886105176,0.12128355029298879,-8.468515195418814,2.485408170152002e-17,5.604595423692764e-16
ENSMUSG00000039221.11,257.25872414599314,-1.5549217924169618,0.15576109408589633,-9.982735429166166,1.8139572620160622e-23,6.308200290461641e-22
ENSMUSG00000104444.2,191.27060222145468,-1.5300731142964537,0.1295048762979616,-11.814791520097666,3.273599486216451e-32,1.7433427226965248e-30
ENSMUSG00000105135.2,42.03022165269875,-2.0709417100508376,0.23388928141335555,-8.854367748434079,8.415948508493678e-19,2.1611916169854226e-17
ENSMUSG00000059834.13,55.29582564386565,-1.0087220979437435,0.22594069007961315,-4.464543759640227,8.023954866935373e-06,4.606273533795199e-05
ENSMUSG00000104965.2,7.7091073189481065,-1.6998255992137157,0.4853081047781874,-3.502569980756101,0.00046079272079424473,0.0018269671831050935
ENSMUSG00000036353.14,11.550804314329033,-1.557594543222373,0.43667787970947036,-3.566918810402461,0.00036120332960590837,0.0014746496330615188
ENSMUSG00000027765.7,126.28009366271586,-1.1895116315328695,0.2577530555067842,-4.614927373776801,3.9323280136326e-06,2.39457206298505e-05
ENSMUSG00000038526.15,202.47798685996082,-1.5269791684936214,0.18958993630771726,-8.054115098257277,8.005585947823499e-16,1.571926753727738e-14
ENSMUSG00000027875.13,22574.524232428124,-1.0074415211478533,0.10362303038718308,-9.722177757044845,2.425378078158582e-22,7.919243534838157e-21
ENSMUSG00000027858.14,9.449059393558459,-1.3362536204410302,0.4667890779615673,-2.8626497138201024,0.004201147311899247,0.012826519569564189
ENSMUSG00000040724.6,19.09831689307882,-2.140842996058012,0.43838855281085115,-4.883437266624314,1.0425232811738571e-06,6.9752878970334286e-06
ENSMUSG00000068747.15,43.43249759684778,-1.0077308334078776,0.30854885955015027,-3.266033246329615,0.0010906544371610588,0.0039282068472943354
ENSMUSG00000104723.2,10.960942581886318,-1.2973200836679692,0.4715117814892294,-2.751405446477913,0.005934014780551904,0.017385241841844312
ENSMUSG00000033308.17,3453.3996135123716,-1.5013188119821739,0.0717942598032282,-20.911404562104945,4.216366360621037e-97,8.818927437171421e-95
ENSMUSG00000028132.16,1900.3881859146154,-1.6457109194939983,0.11924150332509773,-13.801494224768065,2.496242711003724e-43,1.94733917865977e-41
ENSMUSG00000028127.11,6122.105067683557,-1.071636603139025,0.08833143279743084,-12.131996155848544,7.148537058088755e-34,4.093955826283211e-32
ENSMUSG00000106087.2,36.942483965891995,-1.4194544397866473,0.2424762106712223,-5.8539946490309935,4.799040692682887e-09,4.48864259732984e-08
ENSMUSG00000057359.8,17.941905015832063,-1.2748097801043015,0.4045111092176378,-3.151482743131338,0.0016244376148939726,0.0055925294986044405
ENSMUSG00000104960.3,69.84135632157592,-1.3586251217937084,0.1838367229225282,-7.390390234307295,1.46398512534108e-13,2.3192352721100404e-12
ENSMUSG00000105837.6,16.87628556373729,-1.0963086556243802,0.4356765263230607,-2.5163362939858067,0.011858197463544837,0.03135535100657367
ENSMUSG00000027999.16,204.36626091942006,-1.0786028187386305,0.17627650294745242,-6.118812210951106,9.427542368774397e-10,9.608636402976843e-09
ENSMUSG00000019232.15,2219.966461607261,-1.3019609970760024,0.15462000306965415,-8.420391742519158,3.752275060962394e-17,8.280249798135974e-16
ENSMUSG00000106290.2,11.788274303610121,-1.6456206461309457,0.41177348360429455,-3.996422090433467,6.430703217706168e-05,0.0003112270584773153
ENSMUSG00000037922.14,17.312759035613592,-1.0668707817384078,0.3647811637037824,-2.924687149155409,0.0034480267730680656,0.010793298864351418
ENSMUSG00000037894.14,309.91879061414613,-1.1281634577340465,0.10964846300068551,-10.2889126473847,7.906414665880743e-25,2.9182960730943957e-23
ENSMUSG00000121473.1,161.92115529243776,-1.1694922609495095,0.36032574084277624,-3.2456528312802475,0.0011718164663562904,0.004193381409799853
ENSMUSG00000040213.14,846.1788608380139,-2.0232753209552445,0.13358069166715694,-15.14646537387784,7.995246920854887e-52,8.125873490266037e-50
ENSMUSG00000120786.1,215.77704386806613,-1.206837231783206,0.17538085190505512,-6.881237140053033,5.933498062015248e-12,7.936259873123638e-11
ENSMUSG00000086561.2,171.6914282000194,-1.7771178434293604,0.17207835354539708,-10.327375912278981,5.299038116308085e-25,1.9710236622308836e-23
ENSMUSG00000028186.15,19792.694381486195,-1.4710957906917808,0.07134402365125177,-20.619748023785164,1.8250648881567148e-94,3.762762352268244e-92
ENSMUSG00000065431.3,8.004997876958841,-1.3438878130653737,0.5282618531685223,-2.5439804237325014,0.010959722670634883,0.029356109425130405
ENSMUSG00000078772.3,61.42666723002706,-1.1572490688478865,0.2197866899660576,-5.265328255439874,1.399390888714274e-07,1.081156815092313e-06
ENSMUSG00000028461.13,181.74002277322344,-1.027383997764817,0.13051304092795443,-7.871887670841654,3.493297517676293e-15,6.446965444386733e-14
ENSMUSG00000043770.11,13.755801449960924,-1.0895218097925836,0.4596375250115049,-2.3703935177296773,0.017769161497132795,0.04410052256691668
ENSMUSG00000038578.16,144.66544266085722,-1.203075721154256,0.12952638083361803,-9.288267867992515,1.5681950360519932e-20,4.526438152060473e-19
ENSMUSG00000078689.9,8.264843596961665,-2.006455057755836,0.4966124460365396,-4.040283472090439,5.3386634336870134e-05,0.0002628713431421733
ENSMUSG00000073842.11,1773.3935411467835,-1.8185450276577542,0.13675259254078487,-13.29806619289791,2.375325380978304e-40,1.6804262695234746e-38
ENSMUSG00000078688.12,195.41634659902502,-1.7636078062160343,0.1718484142172287,-10.262578297561173,1.038950193752736e-24,3.8056165472689053e-23
ENSMUSG00000078687.10,25.273694035775144,-2.097632347248463,0.508907804456872,-4.121831751995129,3.758716848668556e-05,0.00019208853243620608
ENSMUSG00000078686.12,1096.895707299615,-2.087086537825323,0.1911448075435221,-10.918876451038885,9.364706431313712e-28,3.986768236481401e-26
ENSMUSG00000078685.7,93.46490543196673,-1.5788672806589614,0.259354080322795,-6.087690151987913,1.1455128760311968e-09,1.1520586638942322e-08
ENSMUSG00000078683.10,664.1057526470961,-1.642590121455417,0.3017157420398409,-5.4441644653679235,5.204911390806041e-08,4.27774949841189e-07
ENSMUSG00000078680.4,59.85619342143774,-2.009762292759457,0.330960230008174,-6.072519023538931,1.259191760355665e-09,1.2584941471920331e-08
ENSMUSG00000073834.11,24.019898586521478,-2.071283360262227,0.43407572448610493,-4.771709735010833,1.8266862932317793e-06,1.1737638728370899e-05
ENSMUSG00000094793.2,992.7525851996154,-1.693472263642149,0.15853061416504136,-10.682304314289272,1.2317557457324155e-26,4.937971922891728e-25
ENSMUSG00000110439.2,268.99022849931737,-1.811715894895361,0.24012578576873198,-7.544861910999622,4.5276698959490887e-14,7.510727809004282e-13
ENSMUSG00000073835.6,11.416851916987572,-1.9206695064519534,0.4842364825484284,-3.966387448429947,7.29702093923206e-05,0.00034882612187809567
ENSMUSG00000078675.10,23.954806391149283,-2.454237128747711,0.4219629497820786,-5.816238439927473,6.018659897295304e-09,5.564465063277759e-08
ENSMUSG00000095532.2,100.51630753301352,-1.480298656524371,0.29939114403260175,-4.944363539234066,7.639303021249735e-07,5.250020057270294e-06
ENSMUSG00000096688.2,530.4869239031514,-1.8720780816746947,0.20881059081122955,-8.965436448418002,3.0905445873664156e-19,8.154065719355048e-18
ENSMUSG00000078674.3,32.67604415326426,-2.4019496943391285,0.4405727167689548,-5.451880252491348,4.984001423934114e-08,4.1125848227682756e-07
ENSMUSG00000078673.11,33.75260881672564,-3.0039752602207956,0.4776632650827377,-6.288897388206035,3.1972870946799727e-10,3.4798829072715966e-09
ENSMUSG00000081207.5,10.49594024273798,-1.5533225741633097,0.4781954296298038,-3.248300753032747,0.0011609648650187123,0.004158611301054866
ENSMUSG00000066154.13,82987.50640296428,-1.06371085278136,0.09235113159393524,-11.518113903124219,1.0692590476430672e-30,5.195806927806313e-29
ENSMUSG00000045672.16,535.1098070355912,-1.041385089090071,0.16058611393508146,-6.484901238167215,8.87899274757249e-11,1.040955510422146e-09
ENSMUSG00000083219.2,7.829856693314443,-3.004975489374893,0.6981461306185771,-4.304221362241742,1.6757404842077954e-05,9.095256362574992e-05
ENSMUSG00000059049.16,7.3223386390155225,-1.6786066447409829,0.5020486010043184,-3.3435142362373487,0.0008272444942692257,0.003066733249754294
ENSMUSG00000015224.11,129.71039510552708,-1.3032555499719414,0.20506065752479502,-6.355463625753552,2.0779891839519818e-10,2.332001547651244e-09
ENSMUSG00000028527.19,1072.7217087099762,-1.6420770143076227,0.19127703639815008,-8.584809997210433,9.098668028459144e-18,2.1456205389987317e-16
ENSMUSG00000028518.9,1092.3304905001958,-1.2612812927173338,0.08438900091966081,-14.946038926543123,1.652930251434113e-50,1.6118303641011566e-48
ENSMUSG00000034785.16,133.43932690679623,-1.7804450950089885,0.4528990751561664,-3.9312182176460935,8.451651478766459e-05,0.00039782855232080083
ENSMUSG00000028600.17,24.402632593461682,-1.3716237375745526,0.37699788316484806,-3.638279679609737,0.0002744652808267288,0.0011504742761810486
ENSMUSG00000098980.3,9.141104092728266,-1.684687944370738,0.5538806466863808,-3.0416082498088164,0.002353179348431004,0.007714921480362619
ENSMUSG00000028555.16,8.020091454117507,-1.1274122394040835,0.4585566727175174,-2.458610476045996,0.013947585621815459,0.035964187188501105
ENSMUSG00000066072.14,75.56069675895375,-1.321338801467043,0.30460334906530884,-4.33789978186924,1.4385071686374456e-05,7.854004580504143e-05
ENSMUSG00000087385.9,53.66815358764793,-1.0140211364060274,0.20494402091768182,-4.947795655933387,7.505864440055743e-07,5.170626997560119e-06
ENSMUSG00000028655.12,202.8361416544403,-1.8266214479710374,0.6667254982338969,-2.739690401536484,0.006149708302387277,0.01792981620607135
ENSMUSG00000087470.4,24.72509725897155,-2.0321339687335955,0.3108990474892801,-6.536314553371747,6.305323353447379e-11,7.570584578781411e-10
ENSMUSG00000028789.17,15.514937470628661,-1.2642794773323607,0.39238442574068816,-3.222042961939255,0.0012728004862092226,0.004504427811910618
ENSMUSG00000070729.6,12.503814032144001,-1.2774445761840953,0.3853798184501859,-3.3147677045501998,0.0009171930938826718,0.003363895992608569
ENSMUSG00000028838.12,216.78148685878696,-1.2452351175456111,0.17218654030192906,-7.23189579953283,4.762976069624743e-13,7.160340691335863e-12
ENSMUSG00000070661.8,45.19005953500528,-1.4752879385085118,0.36078084145964634,-4.0891526627073524,4.3295184797788994e-05,0.0002183214909160345
ENSMUSG00000078496.10,13.155287299064227,-1.2286523135892378,0.3794320547034216,-3.2381352559935896,0.0012031375501724945,0.004293689694384135
ENSMUSG00000028957.13,526.9216602016702,-1.0867533614265894,0.3673260869233549,-2.958552087952708,0.0030908800039487865,0.009797403957168655
ENSMUSG00000108391.2,7.048699110953311,-1.6901861562556002,0.5566708846789069,-3.03623954974853,0.002395489641300603,0.007839389229761974
ENSMUSG00000073680.3,28.834878531179015,-1.6337230012796327,0.2569855134382743,-6.357257183183747,2.053879656272895e-10,2.3085351401347682e-09
ENSMUSG00000023571.5,19.32925888137429,-1.2000207277881654,0.3617802111802141,-3.316988300364492,0.0009099342682220156,0.003340669386665004
ENSMUSG00000106535.2,27.256989113565993,-1.923619690771517,0.39650617829203266,-4.851424255373753,1.2257802293706084e-06,8.100027596280503e-06
ENSMUSG00000015653.14,33.63822577072587,-1.607723523904952,0.29004318750958347,-5.543048735981191,2.9725008406340838e-08,2.5339121164814587e-07
ENSMUSG00000084923.2,12.271935207914186,-2.2362510704814764,0.7794580561101783,-2.868981920132181,0.004117953368257549,0.012604518135883976
ENSMUSG00000042453.15,371.1771732064435,-1.6496691275474935,0.17376585979743556,-9.49363200268779,2.231216532498845e-21,6.85125893553688e-20
ENSMUSG00000073152.5,25.679226357876512,-1.4789042317636534,0.3613224594411255,-4.093031565353408,4.257697335178332e-05,0.00021492510647531894
ENSMUSG00000029177.10,24.09537983852541,-1.0161041074743962,0.2975080890529498,-3.415383126922483,0.0006369235568926291,0.0024282913301517015
ENSMUSG00000006641.13,363.1900847298988,-1.2104776423138084,0.15581269244105853,-7.7687999825284635,7.923316854143755e-15,1.408242719692151e-13
ENSMUSG00000120013.1,11.792880071765493,-1.5222088457182579,0.45336906889610207,-3.3575489598896753,0.0007863681556981902,0.0029332812672618973
ENSMUSG00000052783.17,10.629030552601591,-1.1640063792605124,0.4461064122692707,-2.6092572248388035,0.009073900662698163,0.024991323351919826
ENSMUSG00000105263.2,18.16307019428224,-1.0242897076399526,0.3037328878863672,-3.3723371702282066,0.0007453314332372539,0.0027968339169214896
ENSMUSG00000015880.14,32.97373221298881,-1.8168200372341605,0.27825790053148197,-6.529266675857085,6.609248313913813e-11,7.920349700491818e-10
ENSMUSG00000015882.19,211.3639413297479,-1.0214801914810776,0.12082047734817886,-8.454528685045577,2.8021690410511414e-17,6.260201795735305e-16
ENSMUSG00000106981.2,9.781240106356696,-1.349613038379995,0.48493336824189825,-2.7830896505904508,0.005384392574947842,0.015943281420116386
ENSMUSG00000029206.14,18.61031391540909,-1.404616992537239,0.38516271574098293,-3.6468145413166786,0.00026551141308529363,0.0011177048074895043
ENSMUSG00000035836.3,8965.018166259219,-1.0156382271495008,0.14587662317142608,-6.962309690675931,3.347386302132165e-12,4.618598507269108e-11
ENSMUSG00000061906.6,79.50220650602769,-2.02590299930301,0.34580918285210716,-5.858441879981631,4.672300738109467e-09,4.378613263142586e-08
ENSMUSG00000106705.2,10.739466590543083,-1.4718933571705692,0.5254462297473991,-2.8012254610298783,0.005090893756552606,0.015189534565757125
ENSMUSG00000034687.9,107.32358805378503,-1.0208614025376692,0.2156800237736509,-4.733221856508277,2.209837169361193e-06,1.4055694150824477e-05
ENSMUSG00000029309.8,47.72796495861303,-1.105516722757143,0.3162235663616471,-3.4959972638244983,0.00047229354284951256,0.0018699973691095103
ENSMUSG00000109771.3,36.6176915384587,-1.0360353540211078,0.3542401573982113,-2.924669415321175,0.0034482232542681172,0.010793298864351418
ENSMUSG00000029591.15,56.930985590848195,-1.7617191029053392,0.27359493422823755,-6.439151031340672,1.2014360516490344e-10,1.3871300077919092e-09
ENSMUSG00000060371.13,26.067783393687563,-1.714407129273916,0.352658508698354,-4.8613803069766055,1.1657005608732957e-06,7.73489218139007e-06
ENSMUSG00000004814.11,15.336985000748054,-1.4509601208876954,0.5404762779710457,-2.6845953837874568,0.007261765907153862,0.020654671969263804
ENSMUSG00000005514.15,2717.464926298993,-1.4630383628294346,0.2631929972659394,-5.558804292012106,2.7162906373934027e-08,2.333423004694142e-07
ENSMUSG00000039747.12,7.764502904044416,-1.24988396776676,0.5324071639345125,-2.347609221728089,0.018894332669685796,0.04640623027380963
ENSMUSG00000105802.2,20.485138374287764,-1.0373884000423292,0.3241400520055161,-3.2004326328197026,0.0013722144335793591,0.004813812172517032
ENSMUSG00000044197.9,835.1003610848493,-1.1807608833783152,0.1384832745637675,-8.526378994848288,1.5099997565158766e-17,3.486770637765941e-16
ENSMUSG00000039533.9,28.747734369247752,-1.923036834581279,0.3300528160761377,-5.826451831084109,5.661819880829568e-09,5.251374326486654e-08
ENSMUSG00000041147.11,56.545264689993374,-1.4236086634058824,0.25500284222585007,-5.582716847308805,2.3679008919943216e-08,2.0495993298224066e-07
ENSMUSG00000041132.12,507.45326986995025,-1.1668630788053358,0.14696838800916157,-7.939551454647492,2.02913701002622e-15,3.818058061108006e-14
ENSMUSG00000107096.4,45.73312766676781,-1.4061280225522763,0.20401091534024746,-6.8924156347573335,5.485282421776785e-12,7.361221183954507e-11
ENSMUSG00000032827.16,27.39375601808704,-1.3572682885040155,0.26379303525194325,-5.145201378071702,2.672339857503206e-07,1.9697246590135993e-06
ENSMUSG00000121179.1,20.85122079819383,-2.7125514321602284,0.34513195405259606,-7.859461867581381,3.857872422551121e-15,7.09258787289908e-14
ENSMUSG00000120276.1,118.44462571065917,-1.1166860278583108,0.17809023160015766,-6.270338456100487,3.602641454705865e-10,3.880098617486197e-09
ENSMUSG00000073155.13,639.589171253211,-1.0763443286534153,0.10934882888303295,-9.843217706563163,7.332732934217565e-23,2.461069807130881e-21
ENSMUSG00000029843.5,8.15623962416734,-2.097350206213319,0.5446410053952845,-3.850885602510086,0.00011769146754471624,0.0005387006849366776
ENSMUSG00000037172.15,122.16564581402952,-1.0712733944237816,0.14951710827644102,-7.164888398210006,7.784994815866875e-13,1.1441246963603945e-11
ENSMUSG00000038065.14,18.71068307117644,-1.5788161888134122,0.32012421734370533,-4.9318861344322995,8.143938795453548e-07,5.559759919393831e-06
ENSMUSG00000003477.6,3572.3695988833533,-1.2599381910593508,0.1469290636574075,-8.575146126277177,9.896107064541441e-18,2.3222864578123915e-16
ENSMUSG00000054422.8,23585.856302166823,-1.5585573469889178,0.14500978395524527,-10.747946134930723,6.059586647208433e-27,2.4634353378172427e-25
ENSMUSG00000108435.2,37.98776046823279,-1.0409713387173976,0.2542887794899656,-4.093658166142069,4.246201869908093e-05,0.00021449487359647738
ENSMUSG00000056666.14,3000.6380885225763,-1.0718573308073194,0.17318518972118996,-6.189081944783486,6.051562006265228e-10,6.333295349849149e-09
ENSMUSG00000108368.2,753.4878397206592,-1.0010260994183997,0.18638857881140591,-5.370640764589288,7.845736313334549e-08,6.283555298226649e-07
ENSMUSG00000033174.18,1714.1292489325456,-1.0782732083767448,0.12329898142202769,-8.745191533140341,2.2263765682677765e-18,5.549407017830837e-17
ENSMUSG00000085624.2,38.53455213291079,-1.1758817342063943,0.21561139219068823,-5.453708740799912,4.932997679654952e-08,4.0751587013612056e-07
ENSMUSG00000107655.2,9.83800704771041,-2.035106053297619,0.5287700239011563,-3.8487545838605337,0.00011871987276366997,0.0005428913826759458
ENSMUSG00000091845.2,10.811552954649343,-1.174089422136531,0.44104803794611164,-2.6620443151817947,0.007766765240183471,0.021862735094078666
ENSMUSG00000108030.2,5.557418776304649,-1.9842344727794707,0.7460230879668545,-2.659749416317836,0.007819880696754156,0.021982181187291776
ENSMUSG00000061353.12,2981.7400632597964,-1.191445829721303,0.11689368923829198,-10.192559046472544,2.1405409538231255e-24,7.761881167229988e-23
ENSMUSG00000120675.1,20.3725390221356,-1.2403124046726453,0.3150555385453766,-3.936805587990025,8.257344966545713e-05,0.0003895717638352002
ENSMUSG00000059908.10,54190.58372466629,-1.378065635964919,0.08293491272347908,-16.61623061640704,5.317242461848618e-62,6.558841299948654e-60
ENSMUSG00000008845.10,122.09660002897775,-2.45568005155605,0.29337048176916486,-8.370576469544995,5.733703949800467e-17,1.2443430887747417e-15
ENSMUSG00000112144.3,8.747195964815234,-1.0825498536694833,0.44880078224375747,-2.4120944002310525,0.015861174225715337,0.0400750116291183
ENSMUSG00000107838.2,38.00640991541057,-1.0171647760830977,0.2821069173626913,-3.60560026529012,0.00031143221518643464,0.0012911777447775423
ENSMUSG00000030236.11,17276.34895949484,-1.2396143869002358,0.07224251844921865,-17.159069388916674,5.376828984766217e-66,7.461384221937119e-64
ENSMUSG00000030244.8,3069.188393953923,-1.5875828114715165,0.12036968495628039,-13.189224612892726,1.0122098621192441e-39,6.956291776240443e-38
ENSMUSG00000030256.12,149.4966688132822,-1.1128257747118036,0.2569775465420623,-4.3304397200696885,1.4881188013120428e-05,8.113536282786324e-05
ENSMUSG00000108126.2,31.649445660677117,-1.040189035349201,0.34211423803015717,-3.0404728003676627,0.0023620702564860776,0.007740553574388527
ENSMUSG00000070873.6,36.53530969922191,-1.6117078439230783,0.2591476511248424,-6.21926472004429,4.994899893582671e-10,5.2694733380252275e-09
ENSMUSG00000030378.16,12982.646918232578,-1.3158889289940559,0.08825287811041545,-14.910436431860198,2.819039142623255e-50,2.6943293315456167e-48
ENSMUSG00000098290.2,9.044651852621536,-1.0385308583268051,0.4434972872234674,-2.3416848044969325,0.01919691942173903,0.0469576171346674
ENSMUSG00000120336.1,10.524426507078392,-2.0867804197336475,0.5488481352088823,-3.8021089730758657,0.00014346959353609556,0.0006466437145262121
ENSMUSG00000099055.2,6.591518178248729,-1.4365466996700607,0.599509414285243,-2.3962037383228822,0.01656587936860708,0.04160924333166185
ENSMUSG00000098330.2,66.30726889385319,-1.5341551258045085,0.5357376236201573,-2.8636314833326657,0.0041881495333587525,0.01279224847945683
ENSMUSG00000005547.15,7841.621092789721,-1.3014734117464724,0.1414187308089696,-9.202977599229913,3.48165496199234e-20,9.731451732665847e-19
ENSMUSG00000053964.18,153.63452993927362,-1.1926297106271273,0.14850220129376632,-8.031057453942202,9.66360823703767e-16,1.8846647848233468e-14
ENSMUSG00000050855.17,8.831305712086877,-1.1958420949240842,0.43816326442135645,-2.7292157787424904,0.0063485148324496105,0.018392752210082082
ENSMUSG00000121377.1,25.308142345103757,-1.2297822575896291,0.29938071324947424,-4.107753783607464,3.995256761152866e-05,0.0002028123305556038
ENSMUSG00000108546.2,139.40591997516586,-1.054213482205582,0.12417419119533972,-8.48979544023917,2.0700113427017392e-17,4.719495054956003e-16
ENSMUSG00000056978.9,43.020533483455985,-2.9825129710901264,0.73447406893112,-4.060746454167643,4.8916070770779316e-05,0.00024410675427520302
ENSMUSG00000030495.13,8.59597886818026,-2.173685826901258,0.5085529838842155,-4.274256362236094,1.9177627938401742e-05,0.00010288904327398288
ENSMUSG00000001802.17,128.940636525672,-1.6286165646325343,0.13487617675553565,-12.074901615756927,1.4333557821064378e-33,8.017903351689966e-32
ENSMUSG00000002068.17,35.510369993335175,-2.2589340147689905,0.3306969050841061,-6.830829016057699,8.442531143361917e-12,1.1167975202658037e-10
ENSMUSG00000109083.3,36.565469166709214,-2.162269100596882,0.3477732580243573,-6.2174679930261965,5.052411757667136e-10,5.3223654369819054e-09
ENSMUSG00000004609.12,8.960514585338117,-2.435192402402421,0.5178923155822746,-4.702121134322094,2.5747266699938714e-06,1.6205170214283276e-05
ENSMUSG00000030731.14,30.61376406537977,-1.945479131078441,0.25139665778254844,-7.738683354976142,1.0045160703062976e-14,1.7744401379021404e-13
ENSMUSG00000030827.6,24.840914746397004,-2.3903101346906586,0.5019093545943359,-4.762433919213574,1.912718416016225e-06,1.2257705230881954e-05
ENSMUSG00000059824.13,1393.2392821529484,-1.0781163265529563,0.2604895663596946,-4.1388080974584955,3.491148099550769e-05,0.00017911215560866226
ENSMUSG00000093405.2,10.382589434498279,-1.1142401480929283,0.40577775958258916,-2.7459369612546336,0.0060338356280558465,0.017641879210717578
ENSMUSG00000030554.17,16.675304000874963,-1.0639772749923582,0.36796241342952024,-2.8915379293112315,0.003833613148453039,0.011842188561317265
ENSMUSG00000086628.9,69.66195427016018,-1.639820868705878,0.24818493873069739,-6.607253756382166,3.9151463592857515e-11,4.81699848740085e-10
ENSMUSG00000025813.15,406.05108381670476,-1.2075634245639986,0.18563106943206692,-6.505179484546984,7.760067088445965e-11,9.17225947751451e-10
ENSMUSG00000109194.2,122.40076453922708,-1.1165141365559477,0.21910872384575494,-5.0957082719441855,3.474398100019763e-07,2.508379858903713e-06
ENSMUSG00000109244.2,25.159947800958548,-1.183176521686801,0.3807055878821733,-3.1078517346401253,0.0018845258519321253,0.0063500997186748615
ENSMUSG00000049791.5,421.987523748163,-1.1055012344059785,0.13792891878200234,-8.015006890275354,1.1013084172919958e-15,2.1363014890266242e-14
ENSMUSG00000097162.4,37.81519244076314,-1.1721829543019395,0.237881856341337,-4.927584525908411,8.325241145422599e-07,5.673713248586693e-06
ENSMUSG00000030643.15,99.08886805179473,-1.0901974001321744,0.27680994050779445,-3.938432984495644,8.201549401134513e-05,0.0003873957065735248
ENSMUSG00000030729.18,54.782751023232905,-1.6807179606872393,0.3162560041228041,-5.314422299582987,1.0699622439812953e-07,8.419681082408971e-07
ENSMUSG00000073940.4,45.615735779029755,-1.6538116620111905,0.27233481112234487,-6.072714887955418,1.257656340931377e-09,1.2578306522745414e-08
ENSMUSG00000052305.7,551.0249332408921,-1.1622264331784,0.2031970015512172,-5.719702674281111,1.0671061880221557e-08,9.577410762149098e-08
ENSMUSG00000109904.2,30.605231586659254,-2.301132509112471,0.8561826178540085,-2.6876655296742396,0.007195342930362108,0.02048189135522405
ENSMUSG00000031016.10,261.6089685512136,-1.3802446556312546,0.42197724476535303,-3.270898307321669,0.0010720645364471447,0.0038689760915241794
ENSMUSG00000098014.2,32.48970367027179,-1.10744062119522,0.2705654635451441,-4.0930597966375055,4.257178776408203e-05,0.00021492510647531894
ENSMUSG00000085118.3,10.545753097063095,-1.37589594236947,0.4782270748204881,-2.87707663328334,0.004013781067061637,0.012319627469126657
ENSMUSG00000030865.5,17.839139637804813,-2.2716258606694324,0.44394784846780855,-5.116875481004054,3.106385481599996e-07,2.261925089326496e-06
ENSMUSG00000108452.2,9.461431991513193,-1.1262196243486589,0.44837823051376396,-2.511762498054836,0.012012990636941919,0.03168338466234389
ENSMUSG00000107023.3,16.695343792389348,-1.1703517742039384,0.4047453628259012,-2.8915754983148707,0.003833154816756017,0.011842188561317265
ENSMUSG00000030934.10,3304.575659869937,-1.3218617816328886,0.1320997874303759,-10.006539808624483,1.4265492113475382e-23,4.997077237419338e-22
ENSMUSG00000025479.10,78703.2414450414,-1.787925170357029,0.07970018047778299,-22.433138289510225,1.8697236384660395e-111,4.734009043919629e-109
ENSMUSG00000037606.19,38.621800520322225,-1.0884229424869336,0.31859564152295117,-3.416314602685879,0.000634748689986165,0.002422822823031032
ENSMUSG00000051906.16,22.246234663214707,-4.0081136127547845,0.4422063577687188,-9.06389865803579,1.258693547498454e-19,3.408154836303506e-18
ENSMUSG00000079168.5,10.507986063241384,-4.8783812252136896,0.793326068076911,-6.149276346155239,7.783725916274055e-10,8.015649747222426e-09
ENSMUSG00000108961.3,27.561591284789177,-1.5116576797222336,0.3718258923919902,-4.065498693481513,4.7929862839967045e-05,0.00023959950831534618
ENSMUSG00000109473.2,30.64196024252562,-1.7957977887996805,0.38433046360308193,-4.672535640199197,2.9750387167006167e-06,1.855382398266193e-05
ENSMUSG00000109933.2,9.083265053071859,-1.277272871914712,0.5297375684119375,-2.4111427017414626,0.015902624938736124,0.04016567782916341
ENSMUSG00000091784.3,11.400643000686202,-1.0190705024171094,0.3852800437547819,-2.6450124239129145,0.008168791770893368,0.022785466338912465
ENSMUSG00000037406.8,7.639167160170442,-2.1584279886499567,0.5647863354560682,-3.821671760006399,0.00013255004396100763,0.0006000508890982629
ENSMUSG00000110183.2,51.393487172491994,-1.020631269864345,0.18345063448335544,-5.563519977669782,2.6438657998046116e-08,2.2739136604755754e-07
ENSMUSG00000109954.2,7.399140430876253,-1.7301476932167033,0.5294950157267656,-3.2675429264276743,0.0010848541326565105,0.00391219761181878
ENSMUSG00000097357.4,23.075361365309227,-1.65925222476011,0.2849518135329987,-5.8229221431782925,5.782749870828116e-09,5.3600928796269344e-08
ENSMUSG00000110035.2,15.77656499047304,-1.254244562115999,0.42651472270460616,-2.940682924525113,0.003274895719991439,0.010310491935191199
ENSMUSG00000018796.14,9188.939469371684,-1.4134623252778495,0.09846852335813092,-14.35445843071165,9.99028732275053e-47,8.738171311632464e-45
ENSMUSG00000109807.2,10.672987597969385,-2.006134173672594,0.5192767342384874,-3.8633238144485014,0.00011185457617265005,0.0005142673600903745
ENSMUSG00000031561.17,195.85361319021408,-1.085816778284587,0.14822391018352765,-7.325517029878323,2.379794029081097e-13,3.669357631164359e-12
ENSMUSG00000034880.8,106.18178452537818,-1.2653844171326307,0.17158712046989685,-7.37458856857866,1.648533548449251e-13,2.6001788165267314e-12
ENSMUSG00000120183.1,17.329304182884883,-1.5454427839446565,0.42885845150572305,-3.603619745672735,0.00031381606913453866,0.001299194925344137
ENSMUSG00000003824.13,72.04816702497742,-1.2918136616249252,0.22132711715717793,-5.8366714310363035,5.325396634944811e-09,4.958459628098291e-08
ENSMUSG00000052566.9,292.77149037742106,-1.1475497430045063,0.13014483834313192,-8.817481796542301,1.1706262002329131e-18,2.958752595755062e-17
ENSMUSG00000033192.6,9.924607769885144,-1.4716025576232326,0.47853113518161977,-3.0752493399718004,0.002103266387847625,0.006995699587328168
ENSMUSG00000057400.15,20967.759598938406,-1.0480320069685056,0.060719075991995046,-17.26034182579909,9.355547803186076e-67,1.3237182930939359e-64
ENSMUSG00000056973.7,6641.682056635773,-2.194389762156866,0.1335731901349368,-16.428369794418135,1.1983744159626701e-60,1.441244964264438e-58
ENSMUSG00000110496.2,67.11939677008228,-2.6954592052274413,0.5610284733335039,-4.804496265958899,1.5514159625515658e-06,1.0126655437152509e-05
ENSMUSG00000061959.14,2784.7649387913984,-1.491701232344922,0.14366202691746097,-10.383406557405445,2.9505505826811805e-25,1.1060349612793455e-23
ENSMUSG00000110659.2,45.36380940957281,-1.861497679453842,0.341401325378388,-5.452520365557087,4.966088269565732e-08,4.100147935147176e-07
ENSMUSG00000031725.9,6366.891418349353,-1.0365994493576842,0.08978489231067074,-11.545366070840478,7.790905982483646e-31,3.8374865235223205e-29
ENSMUSG00000096188.2,508.57308615513193,-1.3950125695161137,0.08410270996269273,-16.58701093145429,8.652051564022358e-62,1.0581898997624633e-59
ENSMUSG00000060560.9,27.803010784029862,-1.7057005697697436,0.4097950033117732,-4.162326421711008,3.150215897815089e-05,0.0001630699994163105
ENSMUSG00000031767.14,6475.790283938932,-1.0957273335175475,0.13014172978537356,-8.419492620273246,3.78118276512813e-17,8.318602083281886e-16
ENSMUSG00000031841.20,10.383854714516612,-1.9196036866856603,0.47525138440215087,-4.039133287534665,5.364907383327051e-05,0.00026398344137802936
ENSMUSG00000001995.10,136.15188807389245,-1.2391468508878716,0.1830214239690498,-6.7705016386355945,1.2833663069541852e-11,1.670112041655798e-10
ENSMUSG00000047193.17,57.057838524783314,-1.3846245609149173,0.2833691740786739,-4.886292114930234,1.0275271213843206e-06,6.884527119692903e-06
ENSMUSG00000064797.3,20.976978296433806,-1.1190888815414644,0.2863380554353686,-3.9082785550105195,9.295609486902957e-05,0.0004350007656127869
ENSMUSG00000006235.7,9.206900600491526,-1.7757721856341497,0.48984164651579604,-3.6251964247325095,0.0002887419029169802,0.001204370850548514
ENSMUSG00000059974.11,17.081957875268504,-1.169201401384974,0.40983823961977167,-2.852836286017877,0.004333093845008962,0.013168079673861726
ENSMUSG00000047412.17,501.5348070879244,-1.3558076768309268,0.09859090167070446,-13.75185391203086,4.964096500162182e-43,3.8311144754192835e-41
ENSMUSG00000034218.17,119.3505902612264,-1.0426635977642402,0.13823930610182827,-7.54245393127339,4.6120907239769795e-14,7.641985456766449e-13
ENSMUSG00000074280.7,22.771344992077257,-1.0858358254721128,0.3815539917804942,-2.8458248343966686,0.004429655425575427,0.013433239567536153
ENSMUSG00000100130.2,14.43579986643849,-1.2397444957553572,0.4391023934753513,-2.8233608246659427,0.004752305392794834,0.014294554278619224
ENSMUSG00000066477.14,105.79215123031358,-1.5894953717181441,0.30633694481129925,-5.188715885043701,2.117491779345469e-07,1.5875138368578602e-06
ENSMUSG00000049624.15,340.0257070498541,-1.2892343757093243,0.11184072422368077,-11.527414407035343,9.598320084699807e-31,4.6956934055046653e-29
ENSMUSG00000101335.2,29.27732112616951,-1.1863393639044282,0.2824107406823739,-4.200758657542345,2.6602205169765482e-05,0.00013960837273092926
ENSMUSG00000064225.7,2215.3525670978115,-1.0053548664750238,0.13754896379424705,-7.309068994361065,2.6899963081695035e-13,4.130002842500242e-12
ENSMUSG00000032411.16,208.48741124622757,-1.2186158535750564,0.11741810740269419,-10.378432087954902,3.108381099448713e-25,1.1621802079596846e-23
ENSMUSG00000120338.1,18.60015703977542,-1.7511933736354728,0.33048114708734005,-5.298920646667522,1.1648924382981774e-07,9.082510896552835e-07
ENSMUSG00000032527.14,1296.17128998026,-1.2964978705172665,0.07708422676177287,-16.81923689166741,1.7641643771953065e-63,2.2531345390869617e-61
ENSMUSG00000043719.15,10.416737077316224,-1.3019976381877985,0.4126680378698029,-3.1550726460637106,0.0016045814648952836,0.005532087840747428
ENSMUSG00000102375.2,58.79956899616784,-1.2482466173881956,0.2390543974709319,-5.221600734368326,1.7738309398199369e-07,1.3466558718296333e-06
ENSMUSG00000032482.10,46.733531345255855,-2.2599849527003824,0.2883996942059913,-7.836294552677902,4.6403661220955246e-15,8.44511524263337e-14
ENSMUSG00000038060.16,417.04841548519437,-2.1524403266207606,0.17989473528408934,-11.964998993559384,5.4198246495203325e-33,2.962837475071115e-31
ENSMUSG00000010651.5,3975.984700381176,-2.3834048151030127,0.15023124294168055,-15.864907781054871,1.1088023233512048e-56,1.2501746195784835e-54
ENSMUSG00000052336.9,18.824038948374408,-2.4222237893009475,0.3759659372510066,-6.442668202901039,1.1739114769926744e-10,1.3575232721120413e-09
ENSMUSG00000032528.6,273.2261076657968,-1.0404446702811894,0.1414244367596604,-7.3568945658899265,1.8823790804025348e-13,2.9400968493906257e-12
ENSMUSG00000061536.14,142.954158215042,-1.0612848392770344,0.12576951274843975,-8.438331484990192,3.2189962739847864e-17,7.169221331195746e-16
ENSMUSG00000032526.12,187.08507373920344,-1.0797984712240296,0.10663251519620187,-10.126352822469022,4.221008011909106e-24,1.5191418361065392e-22
ENSMUSG00000020091.17,2578.510337613904,-1.2204258334108975,0.07020866482987029,-17.382837807387943,1.1130665297352854e-67,1.6063776157139638e-65
ENSMUSG00000009092.6,11.775333917673766,-1.3917260665100408,0.5911242607391416,-2.354371422295926,0.018554061393814318,0.045718322355391534
ENSMUSG00000112652.2,323.31508842954406,-1.1461631584394922,0.11641256224393545,-9.845699951503319,7.153950617105986e-23,2.4066623614469367e-21
ENSMUSG00000032788.16,756.8683348167763,-1.1392035789776969,0.10795237035514389,-10.552835247896104,4.928694291731887e-26,1.9224571896830972e-24
ENSMUSG00000020327.5,8.783169124567857,-1.3224441644230653,0.467917626646522,-2.8262328433762476,0.004709901383600459,0.014175870024634376
ENSMUSG00000020150.14,803.4491883126612,-1.1720970613694992,0.10043163901685054,-11.670595768857693,1.8015715412705888e-31,9.091007162103893e-30
ENSMUSG00000020131.15,230.23683435605238,-1.3915933600288097,0.11897748454481095,-11.696274848580181,1.3317217759502953e-31,6.815393145572575e-30
ENSMUSG00000120873.1,14.639693435033404,-1.019480972055268,0.38304927079762613,-2.6614878287913086,0.007779615347075445,0.021894580477572704
ENSMUSG00000090034.2,15.389468876687522,-1.6446812054892535,0.364468540642375,-4.512546412347432,6.405391197457616e-06,3.742615617882928e-05
ENSMUSG00000020053.19,6004.238883648677,-1.1647478885119384,0.12827489818970358,-9.08009209088915,1.0848302584714575e-19,2.9429079492970068e-18
ENSMUSG00000020027.19,143.78431220607084,-1.5672105999538666,0.49924062726530627,-3.139188828718902,0.0016941623896839454,0.005795248070139535
ENSMUSG00000036019.9,157.40587691707904,-1.354605764726902,0.11764980082940422,-11.513880645587504,1.123083878516309e-30,5.439042461324621e-29
ENSMUSG00000053825.16,105.25525606733126,-1.5071940900441423,0.16697512619972893,-9.026458756744987,1.7731695071982364e-19,4.765434325490679e-18
ENSMUSG00000035948.14,165.0258910926253,-1.2670396668162494,0.2096401418842532,-6.043879075009446,1.5045229269420722e-09,1.4861926681470217e-08
ENSMUSG00000019906.16,117.7480161166447,-1.2541281441395264,0.13972270161310604,-8.975836636856789,2.8120642402637725e-19,7.446552498254452e-18
ENSMUSG00000112527.3,26.80044085684503,-2.6230197031461056,0.37825666106216066,-6.934497057581367,4.076688912271552e-12,5.5714748467711204e-11
ENSMUSG00000020102.16,631.1142223874903,-1.0941056897610975,0.12303376328117471,-8.89272717165196,5.962708885049483e-19,1.5421830578679955e-17
ENSMUSG00000074657.6,28.68082032791935,-1.1032262270060447,0.29789091050714395,-3.7034571653356547,0.00021268110644723145,0.0009162429039541624
ENSMUSG00000025405.10,781.8750419373903,-1.0240465664849097,0.17307017560896054,-5.916944169506526,3.2797796023947027e-09,3.1326127876744106e-08
ENSMUSG00000087163.2,9.683038402364682,-1.0055903941780688,0.42348600881980547,-2.374553995255958,0.01757016618652074,0.04370434994896024
ENSMUSG00000056148.9,86.9524308540408,-1.576780828596746,0.19372667137805177,-8.139203638716868,3.9788626730066044e-16,8.065020519217882e-15
ENSMUSG00000069456.5,1152.1976444903871,-1.5013107035355355,0.10443900177348417,-14.375000507872533,7.426951454951056e-47,6.53571728035693e-45
ENSMUSG00000097691.2,35.94750415807111,-2.525275056729408,0.3218346720653028,-7.84649783233116,4.278161434133033e-15,7.815496938912398e-14
ENSMUSG00000020471.12,93.70219534671736,-1.2399100614915806,0.16599965243033193,-7.469353359109929,8.058986090734547e-14,1.2995227626981115e-12
ENSMUSG00000040978.5,7.75597992008818,-1.5137680883224747,0.5221335840861112,-2.899196938216526,0.0037411982436160044,0.011593938812940985
ENSMUSG00000020122.17,7295.462725382882,-1.0382881507800192,0.1640553889924524,-6.328887805250867,2.469345691685956e-10,2.7287593432168235e-09
ENSMUSG00000019189.14,265.58593381513816,-1.167568806310248,0.10419999053110916,-11.205075934835786,3.8502345981224114e-29,1.769636487901358e-27
ENSMUSG00000040283.15,36.017435831392234,-1.077765384090802,0.27610495990619704,-3.903462597908267,9.482621005102648e-05,0.0004428905706978686
ENSMUSG00000121382.1,13.990304458956327,-1.571660354275943,0.4277776347273366,-3.6740124463910133,0.00023877109385476587,0.0010156040160660127
ENSMUSG00000018900.8,291.8129780333135,-1.1679754913585167,0.15545356059343501,-7.51334023421424,5.763747282144917e-14,9.452545542717663e-13
ENSMUSG00000120238.1,71.4794910132142,-1.0246658030960807,0.18797965945630773,-5.450939777525475,5.0104336678491964e-08,4.132033068251406e-07
ENSMUSG00000085882.3,9.494285110874625,-1.119908279255894,0.4529562792710249,-2.4724423316489683,0.0134193362341907,0.03475109645286922
ENSMUSG00000000126.12,8.068799415574226,-1.2179206339086026,0.494420034812295,-2.4633318800905437,0.013765243397359963,0.03553846023447209
ENSMUSG00000018415.15,327.1078941214521,-1.1149315706054044,0.10927571676925342,-10.202921596567457,1.923961780164491e-24,6.994109927288145e-23
ENSMUSG00000120997.1,24.42241552342566,-1.0758856485075636,0.2641517504984613,-4.072983224519009,4.641476864409724e-05,0.00023258956287208727
ENSMUSG00000010025.20,2548.3350987169115,-1.0954264626670371,0.10014154343100186,-10.938781500025438,7.5203830334800515e-28,3.230183569618574e-26
ENSMUSG00000002058.14,32.070952989268434,-1.0502400255367783,0.2636003262552824,-3.9842136785509084,6.770393268268565e-05,0.0003261359000255405
ENSMUSG00000108822.2,28.24487989807531,-2.126588750093998,0.2940230299957833,-7.232728504717797,4.733851818862811e-13,7.123978044820447e-12
ENSMUSG00000110344.2,50.21126885141227,-1.287209442145922,0.2076320758288987,-6.199472971635942,5.665254497697653e-10,5.946251120783457e-09
ENSMUSG00000043439.6,11.515569648722222,-1.6244102206008617,0.4636068034448477,-3.5038532837107237,0.0004585779342792258,0.0018196856605767905
ENSMUSG00000019761.11,10.118263149138404,-1.3529752276034648,0.48702115925948775,-2.7780625171617888,0.0054684095836054665,0.01616552378340723
ENSMUSG00000035112.18,30.589779092739917,-1.1488365865586472,0.29373943320820367,-3.911073749993748,9.188670674966828e-05,0.0004302754548381611
ENSMUSG00000093467.2,113.02655931829334,-1.1428827512310231,0.217678690105069,-5.250319866769583,1.518353198363251e-07,1.1649587112588218e-06
ENSMUSG00000003518.14,378.83745639213913,-1.1399867842206488,0.11939133134441052,-9.548321233910245,1.3181486875138523e-21,4.13554823004346e-20
ENSMUSG00000041828.17,2744.8472163929996,-1.1560939928386715,0.12173732078003631,-9.49662753731524,2.1679784315696024e-21,6.671271796250001e-20
ENSMUSG00000051497.16,15.131960690855863,-3.509476360039013,0.4700456599934612,-7.466245641089066,8.251524565601999e-14,1.3290848496737506e-12
ENSMUSG00000057286.7,16.005325717412592,-1.3255542291323912,0.41330466932254206,-3.207208453040562,0.0013402983829220642,0.004715550039573679
ENSMUSG00000025574.14,259.8476479559199,-1.085888935237515,0.163692163448617,-6.633725844660704,3.273175295785689e-11,4.061776944864924e-10
ENSMUSG00000039976.5,298.0213319843468,-1.029343719664467,0.13954678372932924,-7.376334245445778,1.6270723083274904e-13,2.5691364938492713e-12
ENSMUSG00000025375.16,35.52309412024739,-1.3956568896166572,0.23205602222317448,-6.014310149100188,1.8065434543408947e-09,1.768794785145712e-08
ENSMUSG00000086929.2,34.55276890355418,-1.2439233034975579,0.23917721009829443,-5.200843771805616,1.9838581018428429e-07,1.4934082058207213e-06
ENSMUSG00000120999.1,38.704072556360494,-1.137053389541517,0.25785144637340557,-4.409722751350799,1.0350304529774123e-05,5.80550310818889e-05
ENSMUSG00000084822.2,72.8657621795634,-1.091511700007742,0.19329007527940453,-5.647013683604503,1.63258840871901e-08,1.4340545291924987e-07
ENSMUSG00000042988.11,237.7326580960586,-1.4544886959710417,0.11409780668129899,-12.747735809100678,3.2093150549009777e-37,2.0585259943258182e-35
ENSMUSG00000053613.7,28.801340196818792,-1.5377448810976448,0.30044696344320265,-5.118190789730995,3.0848046643529184e-07,2.2496160139434723e-06
ENSMUSG00000035105.6,66.83025472926167,-1.6682773017268882,0.20484639038571373,-8.14404051048017,3.823012213499376e-16,7.760015789764134e-15
ENSMUSG00000049751.7,8.983585290135327,-1.6913685337494169,0.5252319266925984,-3.220231763899077,0.0012808699802130676,0.004528543741899802
ENSMUSG00000021078.6,9.416856082174693,-1.0703866367924277,0.4318657165221549,-2.478517270165196,0.013192972407448014,0.03426797898786556
ENSMUSG00000043398.6,21.984837881842633,-2.0695334713393705,0.3500464496240006,-5.912168152433319,3.376335920151617e-09,3.222703703679109e-08
ENSMUSG00000112278.3,10.0515984596151,-1.1508154954999892,0.4725134638700042,-2.435518950242223,0.014870445665251445,0.03795053436620846
ENSMUSG00000112880.3,10.984890812390836,-1.7208111429227084,0.4333031884380502,-3.9713789070553642,7.145782030432371e-05,0.0003418227585787205
ENSMUSG00000072949.7,86.7649799058029,-2.6008369568191645,0.23079698403549506,-11.268938230229095,1.8680898454822763e-29,8.668897958199425e-28
ENSMUSG00000052392.6,767.3653018280304,-2.0804183929775983,0.16223222011838295,-12.82370660685954,1.207853477526108e-37,7.852135760205762e-36
ENSMUSG00000097762.2,131.7518722450051,-1.6720668174060884,0.15964349879342338,-10.473754522066201,1.1402866467709928e-25,4.3767598101593e-24
ENSMUSG00000021228.16,74.41299357908184,-4.854213620615136,0.3797274193862818,-12.783416136924087,2.0295535690375388e-37,1.3076123709084715e-35
ENSMUSG00000021186.10,19.53305281597598,-1.3928411993699736,0.42651109387644415,-3.2656622989822286,0.0010920840276007467,0.003932374422738018
ENSMUSG00000060807.8,3762.7464949800424,-1.628608541236717,0.11178923295752448,-14.568563520384155,4.451531672950774e-48,4.040534912202866e-46
ENSMUSG00000090555.2,10966.787387167105,-1.0609914632433712,0.08790203842864105,-12.070157668808612,1.5184310133804404e-33,8.461002465292091e-32
ENSMUSG00000021097.16,1634.8860852314724,-1.0078075091916043,0.0908522754915766,-11.092815273350457,1.3594094643342015e-28,6.0739929997743634e-27
ENSMUSG00000018581.16,15.05038023642864,-2.4783350836496347,0.42914641133714054,-5.775033923568422,7.693758255423847e-09,7.023170091225615e-08
ENSMUSG00000113831.2,17.186665471502206,-1.1040098176738495,0.3484004262325995,-3.1687958295917507,0.0015307188288503218,0.005298952779555732
ENSMUSG00000071551.14,912.9916103646974,-1.5138688659385113,0.19977725558475995,-7.577783874882688,3.515073048484018e-14,5.905650085648585e-13
ENSMUSG00000036110.15,2148.789245784757,-1.322931764996586,0.13894691280707813,-9.5211310440083,1.7130431686485585e-21,5.32815495903793e-20
ENSMUSG00000021338.18,289.1755503450252,-1.2596583085577715,0.10203323916135118,-12.345568159076079,5.146960495767383e-35,3.1079888650592e-33
ENSMUSG00000016756.18,2059.3314285440615,-1.279032473851591,0.12080564624779802,-10.587522301962807,3.4048484018154915e-26,1.3425894025956603e-24
ENSMUSG00000006715.12,66.94101795808498,-1.1467354552072841,0.18060439739443254,-6.3494326370296585,2.1611047126466917e-10,2.4084218697233247e-09
ENSMUSG00000006711.16,68.48801468223692,-1.3311455123048752,0.20455960448887886,-6.507372340843789,7.647669243461692e-11,9.054238106779257e-10
ENSMUSG00000086796.3,165.48065858943852,-1.2337777406641703,0.14716982521578423,-8.383360779665079,5.143750741056326e-17,1.1196773860471327e-15
ENSMUSG00000035936.7,725.6491543432434,-1.3847852592192078,0.07482550750658587,-18.506860900306275,1.817906085366925e-76,3.0865906616488776e-74
ENSMUSG00000085962.9,766.2620697655158,-1.2872136605837632,0.09598217798747259,-13.410965322664046,5.215549842849562e-41,3.782453031759039e-39
ENSMUSG00000021417.16,2393.610404999333,-1.088419696179609,0.09173741707930597,-11.864512113292687,1.8095424262370724e-32,9.708296020614658e-31
ENSMUSG00000050423.12,16.558549292887754,-3.172216580608868,0.5979197591755295,-5.3054218930363355,1.1241269492658543e-07,8.793170803146237e-07
ENSMUSG00000091264.4,283.05383890486456,-1.207935793982609,0.13421888591153158,-8.999745347154812,2.262418363224315e-19,6.035345992246454e-18
ENSMUSG00000052957.9,39.169314933647044,-2.250300788929408,0.28106292630797386,-8.006394932584056,1.1811997499220605e-15,2.2851306690181203e-14
ENSMUSG00000021482.11,771.983808924341,-1.0314289311135627,0.06773983052039055,-15.226328781603454,2.36504149201142e-52,2.4555596268135836e-50
ENSMUSG00000113816.2,283.5814073262509,-1.00055488809684,0.12628168944965468,-7.923198465726388,2.3147766578370806e-15,4.332925645383236e-14
ENSMUSG00000030446.18,19.847851682877216,-1.171451487484028,0.3526433739947491,-3.321915492736498,0.0008940176626270611,0.003286414393029482
ENSMUSG00000089827.2,7.160462703045705,-1.8534448597448487,0.63166848296307,-2.9342050612539565,0.0033440319822552645,0.010509814801373689
ENSMUSG00000035834.12,98.97312358510857,-1.4525183015482337,0.1648379640959629,-8.81179471922274,1.2315800083787291e-18,3.107371098063255e-17
ENSMUSG00000096449.3,25.681556368688273,-1.114285162329943,0.2740642624895415,-4.065780602724388,4.7871955954991174e-05,0.00023939295507360796
ENSMUSG00000114019.2,10.86860788268796,-1.2616539713600834,0.4823470504148783,-2.61565603080791,0.008905622144467547,0.02456066095718625
ENSMUSG00000059751.8,9.45069872988935,-1.0137771968232,0.4332735157109292,-2.3398088275941853,0.019293612932497657,0.04715417812731688
ENSMUSG00000114945.2,22.19417786182338,-1.0537719915072896,0.3167341413432915,-3.3269921172317245,0.0008778885683184111,0.003232887935180227
ENSMUSG00000060579.14,16.344089478476626,-1.2652976010288457,0.38202492335627813,-3.3120812901749437,0.0009260463324824086,0.0033920560077122133
ENSMUSG00000021747.13,14.55716773360895,-1.449002027464083,0.34564363544017906,-4.1921848947653,2.7628067767524055e-05,0.00014462396591255247
ENSMUSG00000090564.10,11.458403073434631,-1.3178888334207657,0.3745761339347039,-3.5183470435692517,0.0004342440669565578,0.0017364949776439572
ENSMUSG00000114575.2,9.900873734208359,-1.6621855166137427,0.44001156209579845,-3.777595090221413,0.00015835005259024292,0.0007049068349729754
ENSMUSG00000058351.12,21.75670799004839,-1.4644982402247106,0.301100880749725,-4.863812542089511,1.1514597275060624e-06,7.647430643059132e-06
ENSMUSG00000071547.5,66.53725688397121,-1.4627207535007942,0.20701606691304267,-7.0657354055287485,1.597675892562346e-12,2.2739308167120096e-11
ENSMUSG00000091898.9,11.971491436350234,-1.4826876546726404,0.4171529000343398,-3.5543026419104033,0.00037898283134280497,0.001538964609437074
ENSMUSG00000021884.19,140.10799394880763,-1.1326277689995798,0.15114576150229736,-7.493612508494752,6.700334607666694e-14,1.0901829657028831e-12
ENSMUSG00000021903.12,13.280230332892092,-1.0056031046332339,0.42940545703606603,-2.3418498487986676,0.01918843284693892,0.04694481485794584
ENSMUSG00000021804.7,15.290795461195625,-1.1891974281952915,0.3869412121631898,-3.073328430298491,0.002116853721546055,0.007034407761766673
ENSMUSG00000043418.5,78.75760725148959,-1.6207655087463404,0.2656990105990896,-6.100005811432606,1.0606460899519336e-09,1.0711857501879848e-08
ENSMUSG00000021789.15,13.974771584867218,-2.576206959212144,0.41068117036314644,-6.273009685187472,3.541348687316537e-10,3.819786566169825e-09
ENSMUSG00000062081.7,8.368260129857907,-1.3398751462242373,0.4827823782599971,-2.7753190807280506,0.005514757273097119,0.01628252392907889
ENSMUSG00000090799.3,76.4635049724287,-1.372784958853302,0.2005099000997341,-6.846469716310644,7.569466022084746e-12,1.0022250791809822e-10
ENSMUSG00000022177.10,128.11682685937888,-1.3982173142478214,0.15125474079512266,-9.24412224633496,2.371793440583847e-20,6.764767378360885e-19
ENSMUSG00000072494.8,9.728331882588495,-1.7867524905376164,0.46016543798928417,-3.882848086863978,0.0001032400718660277,0.0004777699055390833
ENSMUSG00000022199.13,11.36294568339773,-1.4744896290373857,0.41532449844412633,-3.5502110628221204,0.00038492241262003303,0.001560875657776258
ENSMUSG00000114584.2,11.157844572935506,-1.5705618416455067,0.4692107729429778,-3.3472416496208064,0.0008162002703846014,0.0030304611016698144
ENSMUSG00000015812.9,8.52488983167677,-1.7090814288217777,0.5513721313037505,-3.099687727743073,0.0019372476881790294,0.006503456300488429
ENSMUSG00000022103.11,25.060107389215553,-1.4041963565626656,0.3350432224952507,-4.191090170709454,2.776172917035036e-05,0.00014521829481206828
ENSMUSG00000022025.14,45.5671954170869,-1.6934284010924943,0.33097963551229337,-5.1164126713457465,3.114013604561155e-07,2.2660958106285205e-06
ENSMUSG00000098557.2,87.58024883963071,-1.0801237917480422,0.19206903456534324,-5.623622746854473,1.869937824178186e-08,1.632603912797313e-07
ENSMUSG00000022129.5,10.78515255767854,-1.2874117813972692,0.4422030088628962,-2.9113591621816113,0.003598600988094337,0.011200131434155158
ENSMUSG00000051615.15,373.9124978453344,-1.61975930944708,0.10347421125112118,-15.65374879269282,3.1321277131301608e-55,3.4506005462514873e-53
ENSMUSG00000022149.19,7073.104632037958,-1.0100870635175248,0.07380279122334156,-13.686298943095597,1.2259655706709974e-42,9.263421526661692e-41
ENSMUSG00000054263.13,3700.1169175306386,-1.078858086545278,0.14394110162624504,-7.4951356794991195,6.622981705167227e-14,1.0788134533744178e-12
ENSMUSG00000048424.19,6.387582132642544,-2.1108788067911335,0.5988145550605511,-3.5250960233885515,0.0004233293108765778,0.0016966088904667512
ENSMUSG00000037617.13,15.427538280595291,-1.417469658792758,0.3672825667911727,-3.859343695990597,0.00011369194673096883,0.0005222158418909427
ENSMUSG00000022304.14,1958.7868051438713,-1.2247673160204011,0.09694271755211052,-12.633928024165824,1.3725188540948766e-36,8.649865546854699e-35
ENSMUSG00000038591.4,158.69918638274083,-2.311070681035686,0.16137745459729305,-14.320901806282746,1.6200720484635529e-46,1.40005268283988e-44
ENSMUSG00000022419.17,2399.602513656809,-1.5278938629007563,0.09359108260827756,-16.32520770483772,6.531802360728113e-60,7.602175134679688e-58
ENSMUSG00000103906.2,23.08032761589446,-1.0097504049425226,0.2639333616305173,-3.8257778353767997,0.00013035981627368146,0.0005908771571802045
ENSMUSG00000004187.12,69.97764908976725,-1.3794248045898105,0.16036503209707412,-8.601780491365476,7.848880416003469e-18,1.8600171127054527e-16
ENSMUSG00000121848.1,14.160080099301416,-1.1065582645545116,0.455225149354683,-2.430793347254966,0.015065804735569743,0.03837446063249956
ENSMUSG00000042622.15,77.12103587398204,-1.527816506958764,0.4852975235861705,-3.148205858683887,0.0016427595955055036,0.005641171309162052
ENSMUSG00000121075.1,11.573267098466673,-2.1872544469029873,0.49697357096276257,-4.401148420560325,1.076794343259044e-05,6.011719907897301e-05
ENSMUSG00000022389.16,2025.8157312911378,-1.0766234160456083,0.16941154920752835,-6.3550768591741615,2.0832243364453346e-10,2.336060110612204e-09
ENSMUSG00000116130.2,47.483024973070194,-1.114315460208514,0.22500287670589297,-4.952449837630583,7.328495137728667e-07,5.060518747736848e-06
ENSMUSG00000119999.1,16.8037021961,-1.3229096657513488,0.34621037210348427,-3.821115057049543,0.00013284965111121382,0.0006010301457169397
ENSMUSG00000052496.6,37.051724953608456,-1.2803023893267431,0.34963446026219736,-3.661831240452158,0.0002504188069812832,0.0010589054270008435
ENSMUSG00000075470.3,444.1428982704366,-1.0204061569445684,0.07705430372866812,-13.242688695724668,4.9735886439081945e-40,3.4844092868389837e-38
ENSMUSG00000055782.10,127.97358775678431,-2.586725189321567,0.25563551963861114,-10.118801929318698,4.559625598147728e-24,1.632866417679107e-22
ENSMUSG00000022464.15,12390.486430294492,-1.2275608017380255,0.055182194840279364,-22.24559579935351,1.244287234450485e-109,3.043653113150746e-107
ENSMUSG00000116478.2,9.458911867227041,-1.4290735447248706,0.4507849875728116,-3.1701888574850643,0.0015233988786964724,0.005276144136632467
ENSMUSG00000085048.2,11.499697932826198,-1.160817437249076,0.4038809691077752,-2.874157303854823,0.004051071394492792,0.012418237545734912
ENSMUSG00000000028.16,10.238252578749172,-1.0210220984727105,0.4155775369059074,-2.4568750902046093,0.014015140787970911,0.03608679961677006
ENSMUSG00000062901.4,934.2713479239386,-1.1815419922955743,0.14199860173351692,-8.320800190081638,8.737143052311162e-17,1.86530249306146e-15
ENSMUSG00000115919.3,1115.4293805550615,-1.0803821842611716,0.16704436636089473,-6.467636160366138,9.95478303416605e-11,1.1604800383609405e-09
ENSMUSG00000033306.16,459.7132371054175,-1.4981600173669507,0.14016016576802387,-10.68891442270783,1.1470567809319183e-26,4.611232162231042e-25
ENSMUSG00000022533.15,1828.2077713891063,-1.3169268537396506,0.07897575375968036,-16.675077996051794,1.9895161387069953e-62,2.475232492570634e-60
ENSMUSG00000046546.4,23.034909909918987,-1.1387611072681632,0.2860079123011767,-3.981572041507042,6.846096396536701e-05,0.00032901386345260625
ENSMUSG00000052133.17,10.126324796373883,-1.4503626811637111,0.43564669314117266,-3.3292176986494804,0.0008709030229997368,0.0032088007219637994
ENSMUSG00000022708.17,1514.1859539953107,-1.0604946093176044,0.10475978131803698,-10.123108276620794,4.363343439700633e-24,1.5664620030288441e-22
ENSMUSG00000116903.2,25.725727538679955,-2.028973576667113,0.4404020761995339,-4.607093577251533,4.083362692579067e-06,2.4760962344244156e-05
ENSMUSG00000048087.7,3870.8360646304814,-1.1921734392442924,0.12989690811259796,-9.177843080074592,4.3981232996584554e-20,1.2183054790915706e-18
ENSMUSG00000022604.19,46.54922761265341,-1.1320301844000276,0.21128695191788752,-5.357785580815083,8.424813793275471e-08,6.717508986991802e-07
ENSMUSG00000120279.1,43.405219673975125,-1.0039419212801235,0.2642596581786143,-3.7990737148443388,0.00014523789296610654,0.0006533894237178458
ENSMUSG00000120450.1,7.341288699041199,-1.388792800714957,0.5534555825413434,-2.509312119209157,0.012096654664553404,0.03186909823271901
ENSMUSG00000002489.17,10.523409534542406,-1.1456045350627186,0.47367372968529653,-2.418551976323123,0.015582419213797218,0.03947436792935254
ENSMUSG00000034265.9,36.19069693691702,-1.2273700547430182,0.21985450603884465,-5.582646800635335,2.3688551012637017e-08,2.0495993298224066e-07
ENSMUSG00000073460.6,25.02438422742538,-1.8384427305182052,0.3406974716301306,-5.396114980606792,6.809931534468965e-08,5.502967073429961e-07
ENSMUSG00000117819.2,23.146925373292937,-1.0745668295506108,0.2754248065349583,-3.9014889147765315,9.56028403315416e-05,0.0004459405920054326
ENSMUSG00000117216.2,13.489402208043785,-1.1029635619654747,0.44183077111649954,-2.496348453002273,0.012547927270194248,0.03286903476886278
ENSMUSG00000024014.9,196.9324175909873,-1.5561783956773352,0.4494707016194572,-3.462246571512615,0.0005356861439083024,0.0020905955729812386
ENSMUSG00000097305.4,11.003153363989657,-1.8101531079851938,0.4977494453231819,-3.63667528913043,0.00027617972329144723,0.0011569886114781325
ENSMUSG00000091968.2,9.11688507235459,-2.265131274079218,0.5025972647156353,-4.50685157500968,6.579662424751518e-06,3.839777117428787e-05
ENSMUSG00000073415.5,14.506967845471483,-1.0542486269306242,0.35143671425727463,-2.99982495897923,0.0027013479812304053,0.008711922696115577
ENSMUSG00000041293.6,44.45393424047107,-1.4825323995437836,0.28818814864479786,-5.144321189179287,2.6848984117118054e-07,1.9769619325420806e-06
ENSMUSG00000120175.1,14.550572625749123,-1.8594341077195404,0.5192685907052645,-3.58087152006263,0.0003424500279863506,0.0014016559285022724
ENSMUSG00000040505.14,1171.4713716481276,-1.11554486349894,0.09750382602427374,-11.44103681860877,2.607505966509091e-30,1.2502168142411694e-28
ENSMUSG00000036904.7,141.10365145725268,-1.2083730682680571,0.183978086418061,-6.568027159072745,5.0986243430063924e-11,6.188675064614655e-10
ENSMUSG00000117418.2,7.185109615585718,-1.667400062363085,0.5982940192761609,-2.786924168789736,0.005321092904912062,0.015775269680298045
ENSMUSG00000024430.15,66.04253995247049,-2.085054230096778,0.5693699273031437,-3.6620378599424246,0.00025021686902283014,0.0010583616218456872
ENSMUSG00000024411.12,77.97768015877966,-1.166810692890521,0.26263452623579925,-4.442716308528803,8.883025573817362e-06,5.059188045829999e-05
ENSMUSG00000024378.10,1817.796303356767,-1.7658004485734504,0.0751092646562381,-23.509755509592704,3.2416138545552014e-122,8.996725220950128e-120
ENSMUSG00000042834.16,655.6000806814712,-2.3857679744601166,0.6322439221921896,-3.7734929363779486,0.0001609777792518525,0.0007152668927748978
ENSMUSG00000110185.3,205.89967143691712,-1.5247649509880468,0.1299949464833839,-11.72941712147975,9.007681226902222e-32,4.6930994753304285e-30
ENSMUSG00000024597.12,112.21312878691667,-1.0329117870263484,0.19110109104664427,-5.405054368707051,6.478873761117715e-08,5.241205500025272e-07
ENSMUSG00000024621.17,303.6015022355059,-1.1132879950473717,0.14082929737841346,-7.905230060588361,2.674392115150651e-15,4.9674166030700377e-14
ENSMUSG00000045991.20,837.4889236757211,-1.221484667500317,0.16019273589069502,-7.625093988867123,2.4385664661113242e-14,4.1415649013947337e-13
ENSMUSG00000038121.7,865.1881593025664,-1.0345914602316053,0.10346915883965346,-9.999032289756173,1.53893517639328e-23,5.377702776200441e-22
ENSMUSG00000053846.6,183.6106416901043,-1.610272181571105,0.1517378684121503,-10.612197195213554,2.615255665395972e-26,1.0397622524240955e-24
ENSMUSG00000024646.15,7205.523871545671,-1.1026220546856993,0.07364405203813078,-14.972316489521697,1.1137332160961974e-50,1.093428420047641e-48
ENSMUSG00000024925.12,209.94029400676123,-1.1441536878290794,0.12035446576068787,-9.506532895124208,1.9712305608874652e-21,6.091820011719035e-20
ENSMUSG00000063590.4,260.24580368925893,-1.0406878190305777,0.1766241517641425,-5.892103705161878,3.813097369717509e-09,3.61567813664672e-08
ENSMUSG00000052562.16,2659.4098538752123,-1.0367217185907671,0.11154040244927635,-9.29458470496574,1.477819848195531e-20,4.274127464761103e-19
ENSMUSG00000024664.6,222.06141144113218,-1.175453038838899,0.22363286008874933,-5.25617316870346,1.4708380433545713e-07,1.1321138475569691e-06
ENSMUSG00000024665.9,7282.841179736603,-1.2270860437307427,0.14872606903981453,-8.250645308202472,1.575414898297e-16,3.3143422466796357e-15
ENSMUSG00000046230.12,209.86325915180527,-1.1976648818523319,0.12972510607646714,-9.232329177255497,2.6480980912111486e-20,7.523100718968365e-19
ENSMUSG00000037847.15,161.05143358721756,-1.3341319279633819,0.27164775349562825,-4.911256989227605,9.049439080375618e-07,6.112840044817096e-06
ENSMUSG00000097930.4,749.8382615771246,-2.1177452052305434,0.33465582663782933,-6.32812889142494,2.481518255025576e-10,2.740112582748976e-09
ENSMUSG00000118155.3,1121.0028663335393,-1.9904950557727699,0.3250715138959941,-6.1232527941824655,9.168405644212462e-10,9.384285833849238e-09
ENSMUSG00000048572.6,9.533614945848264,-1.278304783684046,0.5158932058219974,-2.477847680989056,0.013217755927212574,0.03430294075553531
ENSMUSG00000120776.1,21.002870420232583,-1.3037894704126904,0.288138513973259,-4.524870529920515,6.043248947630948e-06,3.5453727159434894e-05
ENSMUSG00000063754.8,11.121982170046643,-1.264396718251565,0.4655138052671144,-2.7161315173586464,0.006604967434601782,0.01905998422188715
ENSMUSG00000033610.17,3246.4075360335746,-1.048159235951737,0.06898522301635977,-15.193967492185495,3.877246266729511e-52,3.996887008674307e-50
ENSMUSG00000003053.18,18191.914520302547,-1.6841742249332328,0.10384577486781887,-16.218033204306586,3.760449104701145e-59,4.341664118323754e-57
ENSMUSG00000032808.3,286.26194674938563,-1.2953370759522962,0.1917327231104895,-6.75595200932829,1.4190038569150652e-11,1.83504154686364e-10
ENSMUSG00000042248.5,389.3006593553912,-1.3089112190012575,0.13766043890689866,-9.508259812294288,1.9387853829965002e-21,6.004410010172853e-20
ENSMUSG00000067225.3,1667.7110306737482,-1.4742893646816824,0.10343353786973497,-14.253494514887562,4.263987890594039e-46,3.619874896297245e-44
ENSMUSG00000054827.13,2683.208868007258,-1.2003170321285455,0.12224318406010794,-9.819091684803793,9.317931312944763e-23,3.0914111427222715e-21
ENSMUSG00000047604.4,15.456246849887332,-1.3571442500667896,0.42143173421170754,-3.220318120099195,0.0012804841647491483,0.00452828901388378
ENSMUSG00000003555.9,37.17176170816087,-1.442039747603095,0.2698110387667699,-5.344628426599044,9.060271904411883e-08,7.216216563160722e-07
ENSMUSG00000025025.15,206.4251895335877,-1.484707795059426,0.11185724384989426,-13.27323778021757,3.3096561308378433e-40,2.3299979161098418e-38
ENSMUSG00000054843.10,295.61505032998565,-1.192382285176949,0.10866193236786932,-10.973321191640517,5.135084668763496e-28,2.2389589709847364e-26
ENSMUSG00000061273.4,220.22763689866443,-1.6526949143507905,0.10986704896519102,-15.042680493533696,3.856141917991802e-51,3.811769874003951e-49
ENSMUSG00000044206.4,169.37524450827328,-1.869745233455097,0.25248760899363476,-7.40529501985277,1.3085922330009143e-13,2.079912236417312e-12
ENSMUSG00000031220.15,12.661847216143972,-1.3541022618146674,0.39988929590877953,-3.386192818033213,0.0007086956937224885,0.002670468995248813
ENSMUSG00000072964.15,24.739164570716177,-2.166790637630798,0.3034922188830838,-7.139526165135471,9.365319104219837e-13,1.3611307685005103e-11
ENSMUSG00000072944.12,11.351456588168919,-1.803398556068515,0.5460947959162885,-3.302354407246466,0.0009587684635696477,0.0035021378046664526
ENSMUSG00000031355.17,53.645211210923456,-1.0088214359539638,0.20493074456927612,-4.922743232472545,8.533939371949958e-07,5.787679183081851e-06
ENSMUSG00000121914.1,34.60611741006544,-1.405327457233705,0.25497445796302126,-5.511640140195997,3.5550520324647616e-08,2.9968756385824444e-07
ENSMUSG00000121607.1,15.099253163716233,-2.152218255696895,0.41294591359982463,-5.2118647619856455,1.869518190363754e-07,1.4148341123927476e-06
ENSMUSG00000064341.1,55972.667571240905,-1.4157021250992958,0.09199436471712091,-15.389009201297544,1.9397982972071328e-53,2.0434429945469592e-51
ENSMUSG00000064343.1,484.97326291255996,-1.3425792783028583,0.2058444217671588,-6.522301001780454,6.923689097236982e-11,8.251253596310828e-10
ENSMUSG00000064344.1,18.793146907576848,-1.5608288698118908,0.35781285777205757,-4.362137457917197,1.2879790271204975e-05,7.100119678916356e-05
ENSMUSG00000064345.1,54484.14188507425,-1.6412728885115906,0.0974033151313602,-16.850277491049816,1.0442355968476264e-63,1.3455721547950845e-61
ENSMUSG00000064356.1,148.6418456325792,-1.4663872518290693,0.19723652055453755,-7.434663964392947,1.0483411905054351e-13,1.6754883788897496e-12
ENSMUSG00000064357.1,606.2384284833751,-1.271705977482709,0.14891685631656246,-8.539704697897726,1.3456528200800714e-17,3.127288486215071e-16
ENSMUSG00000064358.1,657.9676199736593,-1.4834476136407557,0.11981397031372437,-12.381257459012948,3.3012946185708336e-35,2.0103073390385768e-33
ENSMUSG00000064360.1,65.02058964559339,-1.57407877423324,0.22178541024117027,-7.097305330055665,1.2721280699478438e-12,1.8231730194128383e-11
ENSMUSG00000065947.1,74.42069581262719,-1.5565442778845382,0.21397948950925794,-7.27426858272411,3.4830240043780827e-13,5.31363662063261e-12
ENSMUSG00000064363.1,45993.51587009795,-1.3836496892844683,0.0958168407592528,-14.440568884555429,2.874596560862987e-47,2.5608751584181868e-45
ENSMUSG00000064367.1,56838.59891982551,-1.0827474557552963,0.07772047154422486,-13.931303223490948,4.0882700433515563e-44,3.241863366244487e-42
ENSMUSG00000064368.1,22810.44144950763,-1.061225000235681,0.06264853306628942,-16.939343162477268,2.3068595979660395e-64,3.0265997925314436e-62
ENSMUSG00000064369.1,787.4055332545779,-3.3569956942077566,0.1916481015532945,-17.516456813292386,1.0730354071450232e-68,1.6131298954080184e-66
ENSMUSG00000064370.1,83121.43664785208,-1.7314617960530179,0.10694752634200601,-16.189825564697966,5.949699830964145e-59,6.81476729845036e-57
ENSMUSG00000064371.1,46.71894096041748,-1.5967266388326888,0.229920825067756,-6.944680362738544,3.793181742885584e-12,5.1987843222530625e-11
ENSMUSG00000064372.1,1446.6316225591818,-1.1052090973365447,0.09925991870064328,-11.13449529079034,8.522640362090952e-29,3.8678850850847996e-27
