baseMean,log2FoldChange,lfcSE,stat,pvalue,padj,original_gene_id,ensembl_id,gene_symbol,gene_name
10.507986063241384,-4.8783812252136896,0.793326068076911,-6.149276346155239,7.783725916274054e-10,8.015649747222426e-09,ENSMUSG00000079168.5,ENSMUSG00000079168,Cd209g,CD209g antigen
74.41299357908184,-4.854213620615136,0.3797274193862818,-12.783416136924089,2.0295535690375388e-37,1.3076123709084715e-35,ENSMUSG00000021228.16,ENSMUSG00000021228,Acot3,acyl-CoA thioesterase 3
22.246234663214707,-4.0081136127547845,0.4422063577687188,-9.06389865803579,1.2586935474984541e-19,3.408154836303506e-18,ENSMUSG00000051906.16,ENSMUSG00000051906,Cd209f,CD209f antigen
15.131960690855864,-3.509476360039013,0.4700456599934612,-7.466245641089066,8.251524565602e-14,1.3290848496737506e-12,ENSMUSG00000051497.16,ENSMUSG00000051497,Kcnj16,"potassium inwardly-rectifying channel, subfamily J, member 16"
787.4055332545779,-3.356995694207757,0.1916481015532945,-17.516456813292386,1.0730354071450232e-68,1.6131298954080184e-66,ENSMUSG00000064369.1,ENSMUSG00000064369,mt-Te,tRNA-Glu
16.558549292887754,-3.172216580608868,0.5979197591755295,-5.305421893036336,1.1241269492658545e-07,8.793170803146237e-07,ENSMUSG00000050423.12,ENSMUSG00000050423,Ppp1r3g,"protein phosphatase 1, regulatory subunit 3G"
9.07090718782415,-3.104208213869715,0.587610665115981,-5.282763568045544,1.272495708518767e-07,9.868166612220766e-07,ENSMUSG00002075416.1,ENSMUSG00002075416,Gm56444,"predicted gene, 56444"
7.829856693314443,-3.004975489374893,0.6981461306185771,-4.304221362241742,1.6757404842077954e-05,9.095256362574992e-05,ENSMUSG00000083219.2,ENSMUSG00000083219,Gm11410,predicted gene 11410
33.75260881672564,-3.003975260220796,0.4776632650827377,-6.288897388206035,3.1972870946799727e-10,3.4798829072715966e-09,ENSMUSG00000078673.11,ENSMUSG00000078673,Mup19,major urinary protein 19
43.02053348345599,-2.9825129710901264,0.73447406893112,-4.060746454167643,4.891607077077932e-05,0.0002441067542752,ENSMUSG00000056978.9,ENSMUSG00000056978,Hamp2,hepcidin antimicrobial peptide 2
20.85122079819383,-2.7125514321602284,0.345131954052596,-7.859461867581381,3.857872422551121e-15,7.09258787289908e-14,ENSMUSG00000121179.1,ENSMUSG00000121179,Gm56999,"predicted gene, 56999"
67.11939677008228,-2.6954592052274413,0.5610284733335039,-4.804496265958899,1.5514159625515658e-06,1.0126655437152507e-05,ENSMUSG00000110496.2,ENSMUSG00000110496,Gm45909,predicted gene 45909
86.7649799058029,-2.6008369568191645,0.230796984035495,-11.268938230229097,1.8680898454822766e-29,8.668897958199425e-28,ENSMUSG00000072949.7,ENSMUSG00000072949,Acot1,acyl-CoA thioesterase 1
127.97358775678433,-2.586725189321567,0.2556355196386111,-10.118801929318698,4.559625598147728e-24,1.632866417679107e-22,ENSMUSG00000055782.10,ENSMUSG00000055782,Abcd2,"ATP-binding cassette, sub-family D member 2"
13.974771584867218,-2.576206959212144,0.4106811703631464,-6.273009685187472,3.5413486873165365e-10,3.819786566169825e-09,ENSMUSG00000021789.15,ENSMUSG00000021789,Sftpa1,surfactant associated protein A1
35.94750415807111,-2.525275056729408,0.3218346720653028,-7.84649783233116,4.278161434133033e-15,7.815496938912399e-14,ENSMUSG00000097691.2,ENSMUSG00000097691,9030616G12Rik,RIKEN cDNA 9030616G12 gene
15.05038023642864,-2.4783350836496347,0.4291464113371405,-5.775033923568422,7.693758255423847e-09,7.023170091225615e-08,ENSMUSG00000018581.16,ENSMUSG00000018581,Dnah11,"dynein, axonemal, heavy chain 11"
122.09660002897776,-2.45568005155605,0.2933704817691648,-8.370576469544995,5.733703949800467e-17,1.2443430887747417e-15,ENSMUSG00000008845.10,ENSMUSG00000008845,Cd163,CD163 antigen
23.954806391149283,-2.454237128747711,0.4219629497820786,-5.816238439927473,6.018659897295304e-09,5.564465063277759e-08,ENSMUSG00000078675.10,ENSMUSG00000078675,Mup16,major urinary protein 16
8.960514585338117,-2.435192402402421,0.5178923155822746,-4.702121134322094,2.5747266699938718e-06,1.6205170214283276e-05,ENSMUSG00000004609.12,ENSMUSG00000004609,Cd33,CD33 molecule
